,title,companyName,skills,URLs
0,WordPress Development,"Myexampapers (London, United Kingdom)","['Digital Marketing', 'Email Marketing', 'PHP', 'Search Engine Optimization (SEO)']",https://www.internshala.com/internship/detail/work-from-home-wordpress-development-internship-at-myexampapers1708683835
1,Flutterflow Developer,Madrocket Technologies & Media,"['Certificate', ' Flexible work hours', ' Job offer']",https://www.internshala.com/internship/detail/work-from-home-flutterflow-developer-internship-at-madrocket-technologies-media1707993580
2,Web Development,Bytefields LLP,"['AJAX', 'Bootstrap', 'CSS', 'Git', 'Git Bash', 'HTML', 'JavaScript', 'jQuery', 'JSON', 'PHP']",https://www.internshala.com/internship/detail/work-from-home-part-time-web-development-internship-at-bytefields-llp1708702128
3,WordPress Development,Theunpluggedweb,"['CSS', 'HTML', 'JavaScript', 'WordPress']",https://www.internshala.com/internship/detail/work-from-home-wordpress-development-internship-at-theunpluggedweb1708693633
4,WordPress Development,LingVoo,['WordPress'],https://www.internshala.com/internship/detail/work-from-home-part-time-wordpress-development-internship-at-lingvoo1708698545
5,WordPress Development,Cehpoint,['WordPress'],https://www.internshala.com/internship/detail/work-from-home-wordpress-development-internship-at-cehpoint1708694260
6,QA Testing (International),Oralens Healthcare,"['Amazon Web Services (AWS)', 'Android', 'Flutter', 'iOS', 'Java', 'Node.js', 'Quality Assurance/Quality Control (QA/QC)', 'Web Application Security']",https://www.internshala.com/internship/detail/work-from-home-qa-testing-international-internship-at-oralens-healthcare1708692135
7,MERN Stack Development,Across The Globe (ATG),"['Express.js', 'GitHub', 'MongoDB', 'Node.js', 'ReactJS', 'REST API']",https://www.internshala.com/internship/detail/work-from-home-mern-stack-development-internship-at-across-the-globe-atg1708691641
8,PHP Laravel Development,Across The Globe (ATG),"['CSS', 'JavaScript', 'LARAVEL', 'PHP']",https://www.internshala.com/internship/detail/work-from-home-part-time-php-laravel-development-internship-at-across-the-globe-atg1708688376
9,WordPress Development,Khamlou,"['CSS', 'HTML', 'JavaScript', 'PHP']",https://www.internshala.com/internship/detail/work-from-home-wordpress-development-internship-at-khamlou1708687821
10,PHP Development,Visanka Technologies Private Limited,"['APIs', 'JSON', 'MySQL', 'PHP', 'REST API']",https://www.internshala.com/internship/detail/work-from-home-php-development-internship-at-visanka-technologies-private-limited1708687427
11,SparkAR - Instagram AR Filters Programming,FlippAR,"['Certificate', ' Letter of recommendation', ' Flexible work hours', ' 5 days a week']",https://www.internshala.com/internship/detail/work-from-home-part-time-sparkar-instagram-ar-filters-programming-internship-at-flippar1708684492
12,Java Spring Boot Developer,Odisoft Technology Private Limited,"['Certificate', ' Letter of recommendation', ' Flexible work hours', ' Job offer']",https://www.internshala.com/internship/detail/work-from-home-java-spring-boot-developer-internship-at-odisoft-technology-private-limited1708683233
13,WordPress Development,Tyrhino,"['CSS', 'Effective Communication', 'HTML', 'JavaScript', 'PHP']",https://www.internshala.com/internship/detail/work-from-home-wordpress-development-internship-at-tyrhino1708678858
14,Backend Development,Drona Pay Private Limited,"['Docker', 'FastAPI', 'Linux', 'REST API', 'Spring MVC']",https://www.internshala.com/internship/detail/work-from-home-backend-development-internship-at-drona-pay-private-limited1708678423
15,Flutter Development,Quantum IT,"['Android', 'Cloud Firestore', 'Dart', 'Firebase', 'Flutter', 'REST API']",https://www.internshala.com/internship/detail/work-from-home-flutter-development-internship-at-quantum-it1708666172
16,Laravel Development,Codalay,"['LARAVEL', 'PHP']",https://www.internshala.com/internship/detail/work-from-home-laravel-development-internship-at-codalay1708666166
17,WordPress Development,FileSure India Private Limited,['WordPress'],https://www.internshala.com/internship/detail/work-from-home-wordpress-development-internship-at-filesure-india-private-limited1708665901
18,Odoo Developer engo,TechFinna,"['Django', 'Odoo', 'Python']",https://www.internshala.com/internship/detail/work-from-home-odoo-developer-engo-internship-at-techfinna1708661707
19,WordPress Development,The Learn Cloud,"['CSS', 'HTML', 'JavaScript', 'PHP', 'Search Engine Optimization (SEO)', 'WordPress']",https://www.internshala.com/internship/detail/work-from-home-wordpress-development-internship-at-the-learn-cloud1708627637
20,It Internships,Dataset Connect Private Limited,"['Certificate', ' Letter of recommendation', ' Flexible work hours', ' 5 days a week']",https://www.internshala.com/internship/detail/work-from-home-it-internships-internship-at-dataset-connect-private-limited1708601996
21,FlutterFlow.io Developer,MyMegaminds,"['Cloud Firestore', 'Firebase', 'Firebase Cloud Messaging', 'Flutter', 'MongoDB']",https://www.internshala.com/internship/detail/work-from-home-flutterflowio-developer-internship-at-mymegaminds1708594436
22,Prompt Engineering,Future Skills,"['Business Analysis', 'Business Research']",https://www.internshala.com/internship/detail/work-from-home-part-time-prompt-engineering-internship-at-future-skills1708592018
23,WordPress Page Design & Web Graphics,AdCortex,"['Adobe Illustrator', 'Adobe Photoshop', 'Canva', 'English Proficiency (Written)', 'Search Engine Optimization (SEO)', 'UI & UX Design', 'WordPress']",https://www.internshala.com/internship/detail/work-from-home-part-time-wordpress-page-design-web-graphics-internship-at-adcortex1708591436
24,Web Development,Avaari,"['Bootstrap', 'CSS', 'HTML', 'JavaScript', 'jQuery', 'MySQL', 'Node.js', 'PHP', 'ReactJS', 'WordPress']",https://www.internshala.com/internship/detail/part-time-web-development-internship-in-multiple-locations-at-avaari1708589752
25,Web Development,"Spectral Media (Sydney, Australia)","['CSS', 'HTML', 'JavaScript']",https://www.internshala.com/internship/detail/work-from-home-web-development-internship-at-spectral-media1708578730
26,Java Development,OrgLance Technologies LLP,"['Hibernate (Java)', 'J2EE', 'Java', 'Spring MVC']",https://www.internshala.com/internship/detail/java-development-internship-in-ahmedabad-at-orglance-technologies-llp1708575642
27,Technology Events Coordinator,Virtualqaptive Consulting Services Private Limited,"['Articulate Storyline', 'Effective Communication', 'Event Management', 'Instagram Marketing', 'LinkedIn Marketing', 'Machine Learning', 'Software Testing', 'Time Management', 'YouTube Ads']",https://www.internshala.com/internship/detail/work-from-home-technology-events-coordinator-internship-at-virtualqaptive-consulting-services-private-limited1708577864
28,WordPress Development,RGB Designers,"['Adobe XD', 'Figma', 'HTML', 'Search Engine Optimization (SEO)', 'Tamil Proficiency (Spoken)', 'WordPress']",https://www.internshala.com/internship/detail/work-from-home-part-time-wordpress-development-internship-at-rgb-designers1708577591
29,PHP Development,Rakesh Kumar,"['HTML', 'jQuery', 'LARAVEL', 'MySQL', 'PHP']",https://www.internshala.com/internship/detail/work-from-home-php-development-internship-at-rakesh-kumar1708577397
30,Frontend Applications Development,"Expertel SA - Proceedit (Barcelona, Espa単a)",['HTML&CSS'],https://www.internshala.com/internship/detail/work-from-home-part-time-frontend-applications-development-internship-at-expertel-sa-proceedit1708515000
31,Design & Branding Contents,"Expertel SA - Proceedit (Barcelona, Espa単a)","['Animation', 'Content Marketing', 'Email Marketing', 'Video Editing']",https://www.internshala.com/internship/detail/work-from-home-part-time-design-branding-contents-internship-at-expertel-sa-proceedit1708510811
32,Backend Applications Development,"Expertel SA - Proceedit (Barcelona, Espa単a)","['Data Structures', 'Python']",https://www.internshala.com/internship/detail/work-from-home-part-time-backend-applications-development-internship-at-expertel-sa-proceedit1708510451
33,Reactjs Development,Radiant Riches LLC,"['HTML', 'JavaScript', 'Next.js', 'ReactJS', 'REST API']",https://www.internshala.com/internship/detail/work-from-home-reactjs-development-internship-at-radiant-riches-llc1708509796
34,Python Development,Celebrare,"['Amazon Web Server (AWS)', 'CSS', 'HTML', 'JavaScript', 'Machine Learning', 'Python']",https://www.internshala.com/internship/detail/work-from-home-python-development-internship-at-celebrare1708509698
35,App Full-stack Development,"Expertel SA - Proceedit (Barcelona, Espa単a)","['Data Science', 'Deep Learning', 'Flutter', 'Machine Learning', 'Natural Language Processing (NLP)', 'PostgreSQL', 'Python', 'REST API']",https://www.internshala.com/internship/detail/work-from-home-part-time-app-full-stack-development-internship-at-expertel-sa-proceedit1708507758
36,API Development,SteelEye,"['Certificate', ' Flexible work hours', ' 5 days a week']",https://www.internshala.com/internship/detail/work-from-home-api-development-internship-at-steeleye1708504173
37,PHP Development,Girl Power Talk,"['CMS', 'CSS', 'HTML', 'JavaScript', 'JSON', 'PHP', 'XML']",https://www.internshala.com/internship/detail/work-from-home-part-time-php-development-internship-at-girl-power-talk1708502201
38,WordPress Development,Girl Power Talk,"['CSS', 'HTML', 'JavaScript', 'jQuery', 'PHP', 'WordPress']",https://www.internshala.com/internship/detail/work-from-home-part-time-wordpress-development-internship-at-girl-power-talk1708501060
39,React Native Development (App Development),Cehpoint,['React Native'],https://www.internshala.com/internship/detail/work-from-home-react-native-development-app-development-internship-at-cehpoint1708498940
40,Flutter Development,Printila Services Private Limited,"['Android', 'Cloud Firestore', 'Dart', 'Firebase', 'Flutter', 'iOS', 'REST API']",https://www.internshala.com/internship/detail/work-from-home-flutter-development-internship-at-printila-services-private-limited1708494997
41,Backend Development,Printila Services Private Limited,"['Express.js', 'MongoDB', 'Node.js', 'REST API']",https://www.internshala.com/internship/detail/work-from-home-backend-development-internship-at-printila-services-private-limited1708460241
42,Web Development,Printila Services Private Limited,"['Bootstrap', 'JavaScript', 'MongoDB', 'MySQL', 'Node.js']",https://www.internshala.com/internship/detail/work-from-home-part-time-web-development-internship-at-printila-services-private-limited1708460199
43,Full Stack Development,Digital Guruji,"['Certificate', ' Letter of recommendation', ' Flexible work hours']",https://www.internshala.com/internship/detail/work-from-home-full-stack-development-internship-at-digital-guruji1708453698
44,Funnel Landing Page Development (WordPress),SpWeb@Devs - App & Web Development Agency,"['Search Engine Optimization (SEO)', 'WordPress']",https://www.internshala.com/internship/detail/work-from-home-funnel-landing-page-development-wordpress-internship-at-spwebdevs-app-web-development-agency1708441808
45,Web Development,Tripfox,"['Bootstrap', 'CSS', 'HTML', 'JavaScript', 'jQuery', 'MySQL', 'Node.js', 'PHP', 'ReactJS', 'WordPress']",https://www.internshala.com/internship/detail/work-from-home-web-development-internship-at-tripfox1708433779
46,Full Stack Development,Brihat Infotech Private Limited,"['CSS', 'Express.js', 'HTML', 'JavaScript', 'MongoDB', 'MySQL', 'Node.js', 'ReactJS', 'Tailwind CSS']",https://www.internshala.com/internship/detail/work-from-home-full-stack-development-internship-at-brihat-infotech-private-limited1708431788
47,Full Stack Developer,Booksiey Technologies Private Limited,"['CSS', 'JavaScript', 'Next.js', 'Node.js', 'ReactJS']",https://www.internshala.com/internship/detail/work-from-home-full-stack-developer-internship-at-booksiey-technologies-private-limited1708423791
48,Full Stack Development,Emitrr,"['HTML', 'JavaScript', 'MongoDB', 'Node.js', 'ReactJS']",https://www.internshala.com/internship/detail/work-from-home-part-time-full-stack-development-internship-at-emitrr1708423234
49,Web Development,House Of Couton Private Limited,"['Flask', 'JavaScript', 'Node.js', 'Python', 'ReactJS']",https://www.internshala.com/internship/detail/work-from-home-part-time-web-development-internship-at-house-of-couton-private-limited1708422518
50,Web Development,Webmobi,"['Bootstrap', 'JavaScript', 'Next.js', 'ReactJS']",https://www.internshala.com/internship/detail/work-from-home-part-time-web-development-internship-at-webmobi1708418033
51,Web Development,MBS STUDIOS PRIVATE LIMITED,"['CSS', 'HTML', 'JavaScript', 'MySQL', 'PHP', 'WordPress']",https://www.internshala.com/internship/detail/work-from-home-part-time-web-development-internship-at-mbs-studios-private-limited1708417878
52,Python Django,Across The Globe (ATG),"['Django', 'Python']",https://www.internshala.com/internship/detail/work-from-home-part-time-python-django-internship-at-across-the-globe-atg1708417719
53,JavaScript Development,Pinsaar Software Technologies Private Limited,"['CSS', 'HTML', 'JavaScript', 'Node.js', 'ReactJS']",https://www.internshala.com/internship/detail/work-from-home-javascript-development-internship-at-pinsaar-software-technologies-private-limited1708417582
54,Reactjs Development,QUARTERSTACK TECHNOLOGIES PRIVATE LIMITED,"['Bootstrap', 'CSS', 'Git', 'React', 'Redux', 'Tailwind CSS']",https://www.internshala.com/internship/detail/work-from-home-reactjs-development-internship-at-quarterstack-technologies-private-limited1708417484
55,React Native Development - Remote/WFH,QUARTERSTACK TECHNOLOGIES PRIVATE LIMITED,"['Git', 'React Native', 'Redux']",https://www.internshala.com/internship/detail/work-from-home-react-native-development-remote-wfh-internship-at-quarterstack-technologies-private-limited1708414397
56,Front End Development,"Ayush Kanodia (San Francisco, United States)","['CSS', 'Figma', 'HTML', 'JavaScript', 'ReactJS', 'Tailwind CSS']",https://www.internshala.com/internship/detail/work-from-home-part-time-front-end-development-internship-at-ayush-kanodia1708416336
57,Web Development,Eduminatti,"['Blogging', 'Creative Writing', 'English Proficiency (Spoken)', 'English Proficiency (Written)']",https://www.internshala.com/internship/detail/work-from-home-part-time-web-development-internship-at-eduminatti1708413286
58,Front End Development,ORBOL Ad/Film Production Networks,"['AngularJS', 'Bootstrap', 'ReactJS']",https://www.internshala.com/internship/detail/work-from-home-part-time-front-end-development-internship-at-orbol-ad-film-production-networks1708412851
59,React Native Development,Cehpoint,"['LARAVEL', 'React Native']",https://www.internshala.com/internship/detail/work-from-home-react-native-development-internship-at-cehpoint1708412250
60,Full Stack Development,"Myexampapers (London, United Kingdom)","['Letter of recommendation', ' Flexible work hours']",https://www.internshala.com/internship/detail/work-from-home-full-stack-development-internship-at-myexampapers1708402412
61,Laravel Development,The Devisors Technologies,"['APIs', 'Git', 'GitHub', 'LARAVEL', 'MySQL', 'PHP', 'REST API']",https://www.internshala.com/internship/detail/work-from-home-laravel-development-internship-at-the-devisors-technologies1708402169
62,Symfony Developer,Fireclash Enterprises,"['CodeIgniter', 'Symfony']",https://www.internshala.com/internship/detail/work-from-home-symfony-developer-internship-at-fireclash-enterprises1708344299
63,UI/UX Web Developer,OyeLabs,"['Bootstrap', 'HTML&CSS', 'JavaScript', 'User Interface (UI) Development']",https://www.internshala.com/internship/detail/work-from-home-ui-ux-web-developer-internship-at-oyelabs1708344244
64,Web Development,Naveen Kumar,"['Bootstrap', 'HTML&CSS', 'Next.js', 'Node.js', 'React', 'ReactJS']",https://www.internshala.com/internship/detail/work-from-home-web-development-internship-at-naveen-kumar1708341883
65,PHP Development,BinS Computer,"['AJAX', 'HTML', 'HTML&CSS', 'JavaScript', 'jQuery', 'MySQL', 'PHP']",https://www.internshala.com/internship/detail/php-development-internship-in-ahmedabad-at-bins-computer1708336512
66,Web Development,Fresh Focus Consumer Products Private Limited,"['CSS', 'HTML', 'JavaScript']",https://www.internshala.com/internship/detail/work-from-home-part-time-web-development-internship-at-fresh-focus-consumer-products-private-limited1708335795
67,Full Stack Developer,StudentPeeps,"['HTML&CSS', 'Java', 'Python']",https://www.internshala.com/internship/detail/work-from-home-part-time-full-stack-developer-internship-at-studentpeeps1708325601
68,Web Development,Shubh International,"['Bootstrap', 'CSS', 'HTML', 'JavaScript', 'jQuery', 'MySQL', 'Node.js', 'PHP', 'ReactJS', 'WordPress']",https://www.internshala.com/internship/detail/web-development-internship-in-multiple-locations-at-shubh-international1708325068
69,SAS Admin/Developer SAS 9.4/Viya 4,Avinyaz.com,"['Cloud Computing', 'Data Analysis', 'Python', 'SAS', 'Shell Scripting']",https://www.internshala.com/internship/detail/work-from-home-part-time-sas-admin-developer-sas-94-viya-4-internship-at-avinyazcom1708323538
70,Full Stack Development,CliffEye,"['HTML&CSS', 'MongoDB', 'Node.js', 'ReactJS', 'TypeScript']",https://www.internshala.com/internship/detail/work-from-home-full-stack-development-internship-at-cliffeye1708198402
71,Python Full Stack Development,Blackcoffer,"['Amazon Web Services (AWS)', 'AngularJS', 'Django', 'Flask', 'Google Cloud Computing', 'JavaScript', 'MongoDB', 'Node.js', 'PostgreSQL', 'Postman', 'Python']",https://www.internshala.com/internship/detail/work-from-home-python-full-stack-development-internship-at-blackcoffer1708171609
72,Reactjs Development,"EmendoAI (San Francisco, United States)","['Node.js', 'ReactJS', 'React Native', 'REST API']",https://www.internshala.com/internship/detail/work-from-home-reactjs-development-internship-at-emendoai1708155046
73,Web Development,Systemic Altruism,"['Bootstrap', 'CSS', 'HTML', 'JavaScript', 'jQuery', 'MySQL', 'Node.js', 'PHP', 'ReactJS', 'WordPress']",https://www.internshala.com/internship/detail/work-from-home-web-development-internship-at-systemic-altruism1708154527
74,Front End Development,Systemic Altruism,"['AngularJS', 'Bootstrap', 'CSS', 'HTML', 'JavaScript', 'jQuery', 'Node.js', 'ReactJS', 'Redux', 'REST API']",https://www.internshala.com/internship/detail/work-from-home-front-end-development-internship-at-systemic-altruism1708154229
75,Flutter Development,Systemic Altruism,"['Flutter', 'iOS']",https://www.internshala.com/internship/detail/work-from-home-flutter-development-internship-at-systemic-altruism1708148459
76,Flutter Development,Go Eleventh Mile Technologies Private Limited,"['Android', 'Cloud Firestore', 'Dart', 'Data Structures', 'Firebase', 'Firebase Cloud Messaging', 'Flutter', 'iOS', 'REST API']",https://www.internshala.com/internship/detail/work-from-home-flutter-development-internship-at-go-eleventh-mile-technologies-private-limited1708140160
77,MERN Stack Development,PatilKaki,"['MEAN/MERN Stack', 'MongoDB']",https://www.internshala.com/internship/detail/work-from-home-mern-stack-development-internship-at-patilkaki1708146800
78,FlutterFlow (NO-Code DEV),Next You Labs,"['Certificate', ' Letter of recommendation', ' Flexible work hours', ' 5 days a week']",https://www.internshala.com/internship/detail/work-from-home-part-time-flutterflow-no-code-dev-internship-at-next-you-labs1708146550
79,React Development,PatilKaki,"['React', 'ReactJS']",https://www.internshala.com/internship/detail/work-from-home-react-development-internship-at-patilkaki1708145271
80,Web Development,Xeta Analytics Private Limited,"['Angular 7.0', 'HTML&CSS', 'JavaScript', 'MySQL', 'ReactJS', 'REST API', 'Tailwind CSS']",https://www.internshala.com/internship/detail/work-from-home-web-development-internship-at-xeta-analytics-private-limited1708113584
81,IT Support,Reach Technologies,"['Certificate', ' Letter of recommendation', ' Flexible work hours', ' 5 days a week']",https://www.internshala.com/internship/detail/work-from-home-part-time-it-support-internship-at-reach-technologies1708104341
82,Flutter Development,Coding Junior,"['Android', 'Cloud Firestore', 'Dart', 'Firebase', 'Flutter', 'iOS', 'REST API']",https://www.internshala.com/internship/detail/work-from-home-flutter-development-internship-at-coding-junior1708097322
83,Front End Development,Rydeu Logistics UG,"['Letter of recommendation', ' Flexible work hours']",https://www.internshala.com/internship/detail/work-from-home-part-time-front-end-development-internship-at-rydeu-logistics-ug1708079801
84,Python/Django Development,Shobhit Gupta,['Python'],https://www.internshala.com/internship/detail/work-from-home-python-django-development-internship-at-shobhit-gupta1708078015
85,Web3/Blockchain Technical Writer,Quillhash,"['Blockchain', 'Blogging', 'Content Writing', 'Creative Writing', 'English Proficiency (Written)', 'Search Engine Optimization (SEO)', 'Solidity']",https://www.internshala.com/internship/detail/work-from-home-web3-blockchain-technical-writer-internship-at-quillhash1708072502
86,WordPress Development,Minus Equals Plus,"['CSS', 'HTML', 'JavaScript', 'JSON', 'PHP', 'WordPress']",https://www.internshala.com/internship/detail/work-from-home-wordpress-development-internship-at-minus-equals-plus1708068531
87,Full Stack Development,PeakScale Technologies Private Limited,"['Angular 7.0', 'AngularJS', 'Git', 'LARAVEL', 'MySQL']",https://www.internshala.com/internship/detail/work-from-home-full-stack-development-internship-at-peakscale-technologies-private-limited1708059292
88,WordPress Development,"TechMount (Mississauga, Canada)","['CSS', 'HTML', 'WordPress']",https://www.internshala.com/internship/detail/work-from-home-part-time-wordpress-development-internship-at-techmount1708054858
89,Flutter Development,Ostello India Private Limited,"['Amazon Web Server (AWS)', 'Android', 'Dart', 'Flutter', 'iOS', 'Node.js']",https://www.internshala.com/internship/detail/work-from-home-flutter-development-internship-at-ostello-india-private-limited1708020921
90,Flutter Development,Blackcoffer,"['Android', 'Cloud Firestore', 'Dart', 'Firebase', 'Flutter', 'iOS', 'React Native', 'REST API']",https://www.internshala.com/internship/detail/work-from-home-flutter-development-internship-at-blackcoffer1707994290
91,"Embedded Systems And Software Development (Full Stack From Design To Deploy, IoT , AI/ML)","Oralens LLC (Sheridan, United States)","['Arduino', 'Blender 3D', 'CAD', 'Computer Vision', 'Embedded Systems', 'Internet of Things (IoT)', 'Python', 'Raspberry Pi', 'Robotics']",https://www.internshala.com/internship/detail/work-from-home-embedded-systems-and-software-development-full-stack-from-design-to-deploy-iot-ai-ml-internship-at-oralens-llc1707990963
92,Full Stack Development,PYZAQL,"['Certificate', ' Letter of recommendation', ' Flexible work hours', ' 5 days a week']",https://www.internshala.com/internship/detail/work-from-home-part-time-full-stack-development-internship-at-pyzaql1707982499
93,WordPress Development,Webalar,"['CSS', 'HTML', 'JavaScript', 'PHP', 'Search Engine Optimization (SEO)', 'WordPress']",https://www.internshala.com/internship/detail/work-from-home-wordpress-development-internship-at-webalar1707978545
94,Web Development,Hamsi Marketing,['Figma'],https://www.internshala.com/internship/detail/work-from-home-web-development-internship-at-hamsi-marketing1707975477
95,React Native Development,Across The Globe (ATG),"['CSS', 'HTML', 'JavaScript', 'React Native']",https://www.internshala.com/internship/detail/work-from-home-part-time-react-native-development-internship-at-across-the-globe-atg1707975341
96,PHP Development,Megaminds IT Services,"['AJAX', 'HTML', 'HTML&CSS', 'JavaScript', 'jQuery', 'Moodle', 'MySQL', 'PHP']",https://www.internshala.com/internship/detail/work-from-home-php-development-internship-at-megaminds-it-services1707972927
97,Web Development,KYC360,['C#'],https://www.internshala.com/internship/detail/work-from-home-web-development-internship-at-kyc3601707972622
98,PHP Development,OyeLabs,"['HTML', 'LARAVEL', 'MySQL', 'PHP']",https://www.internshala.com/internship/detail/work-from-home-php-development-internship-at-oyelabs1707912702
99,Backend Development,3W Business Private Limited,"['Express.js', 'Java', 'MongoDB', 'Node.js', 'REST API']",https://www.internshala.com/internship/detail/work-from-home-backend-development-internship-at-3w-business-private-limited1707899034
100,Flutter Flow Expert,Jharkhand IT Solutions,"['Certificate', ' Letter of recommendation', ' Flexible work hours']",https://www.internshala.com/internship/detail/work-from-home-flutter-flow-expert-internship-at-jharkhand-it-solutions1708335915
101,Front End Development,Roziroti.work,"['Bootstrap', 'CSS', 'HTML', 'JavaScript']",https://www.internshala.com/internship/detail/work-from-home-front-end-development-internship-at-rozirotiwork1707887815
102,React Native Development,Technoculture Research,"['GitHub', 'JavaScript', 'ReactJS', 'React Native', 'Tailwind CSS', 'TypeScript']",https://www.internshala.com/internship/detail/work-from-home-react-native-development-internship-at-technoculture-research1707886927
103,JavaScript Development,Pianalytix Edutech Private Limted,"['CSS', 'HTML', 'JavaScript']",https://www.internshala.com/internship/detail/work-from-home-part-time-javascript-development-internship-at-pianalytix-edutech-private-limted1707883878
104,ChatBot Development,Pianalytix Edutech Private Limted,['Natural Language Processing (NLP)'],https://www.internshala.com/internship/detail/work-from-home-part-time-chatbot-development-internship-at-pianalytix-edutech-private-limted1707883850
105,Web Development,MentorBoxx,"['CSS', 'HTML', 'JavaScript', 'Node.js', 'ReactJS']",https://www.internshala.com/internship/detail/work-from-home-part-time-web-development-internship-at-mentorboxx1707823715
106,Full Stack Development,Dobby Ads,"['Express.js', 'Git', 'MEAN/MERN Stack', 'MongoDB', 'ReactJS', 'Redux', 'TypeScript']",https://www.internshala.com/internship/detail/work-from-home-full-stack-development-internship-at-dobby-ads1707823256
107,Angular Development,Build With Innovation Private Limited,"['Angular 2.0', 'Angular 7.0', 'CSS', 'Firebase', 'HTML', 'JavaScript', 'MongoDB', 'Node.js']",https://www.internshala.com/internship/detail/work-from-home-angular-development-internship-at-build-with-innovation-private-limited1707820686
108,Course Development (Angular.js),Prashant Mishra,"['Adobe After Effects', 'Online Teaching', 'Subject Matter Expert (SME)']",https://www.internshala.com/internship/detail/work-from-home-part-time-course-development-angularjs-internship-at-prashant-mishra1707817087
109,Blockchain Development,Shubh International,"['Blockchain', 'C++ Programming', 'Ethereum', 'Hyperledger', 'Java', 'JavaScript', 'Node.js', 'Python', 'ReactJS']",https://www.internshala.com/internship/detail/work-from-home-blockchain-development-internship-at-shubh-international1707816188
110,Blockchain Development,Avaari,"['Blockchain', 'C++ Programming', 'Ethereum', 'Hyperledger', 'Java', 'JavaScript', 'Node.js', 'Python', 'ReactJS']",https://www.internshala.com/internship/detail/work-from-home-blockchain-development-internship-at-avaari1707816130
111,Web Development,Avaari,"['Bootstrap', 'CSS', 'HTML', 'JavaScript', 'jQuery', 'MySQL', 'Node.js', 'PHP', 'ReactJS', 'WordPress']",https://www.internshala.com/internship/detail/work-from-home-web-development-internship-at-avaari1707815822
112,React Native & Laravel,Cehpoint,"['LARAVEL', 'React Native']",https://www.internshala.com/internship/detail/work-from-home-react-native-laravel-internship-at-cehpoint1707814529
113,Web Development,Shubh International,"['Bootstrap', 'CSS', 'HTML', 'JavaScript', 'jQuery', 'MySQL', 'Node.js', 'PHP', 'ReactJS', 'WordPress']",https://www.internshala.com/internship/detail/work-from-home-part-time-web-development-internship-at-shubh-international1707813459
114,Blockchain Development,Buddha Education Association Incorporation,"['Blockchain', 'C++ Programming', 'Ethereum', 'Hyperledger', 'Java', 'JavaScript', 'Node.js', 'Python', 'ReactJS']",https://www.internshala.com/internship/detail/work-from-home-blockchain-development-internship-at-buddha-education-association-incorporation1707812850
115,Web Development,Buddha Education Association Incorporation,"['C++ Programming', 'Java', 'JSON', 'Node.js', 'ReactJS', 'SQL', 'Webflow']",https://www.internshala.com/internship/detail/work-from-home-part-time-web-development-internship-at-buddha-education-association-incorporation1707811032
116,Web Scraping - Google Maps - Google Search,Hawk Digital Agency,"['Data Analysis', 'Data Structures', 'Python']",https://www.internshala.com/internship/detail/work-from-home-part-time-web-scraping-google-maps-google-search-internship-at-hawk-digital-agency1707800737
117,WordPress Development,"Evondata (Austin, United States)","['CSS', 'HTML', 'JavaScript', 'PHP', 'WordPress']",https://www.internshala.com/internship/detail/work-from-home-wordpress-development-internship-at-evondata1707798244
118,Web Development,Genesis,"['Certificate', ' Letter of recommendation', ' Flexible work hours', ' 5 days a week']",https://www.internshala.com/internship/detail/work-from-home-part-time-web-development-internship-at-genesis1707796254
119,Front End Development,Faclon,"['Angular 7.0', 'CSS', 'HTML', 'JavaScript', 'ReactJS', 'TypeScript', 'Vue Js']",https://www.internshala.com/internship/detail/work-from-home-front-end-development-internship-at-faclon1707742446
120,Web Developer For Fundraising Portal With Referral System,NayePankh Foundation,"['HTML&CSS', 'JavaScript', 'Node.js', 'PHP', 'React']",https://www.internshala.com/internship/detail/work-from-home-part-time-web-developer-for-fundraising-portal-with-referral-system-internship-at-nayepankh-foundation1707741146
121,WordPress Development,WOWPETS INFLUENCERS LLP,"['CSS', 'Digital Advertising', 'Digital Marketing', 'Facebook Ads', 'Facebook Marketing', 'HTML', 'JavaScript', 'PHP', 'Search Engine Marketing (SEM)', 'Search Engine Optimization (SEO)', 'Social Media Marketing']",https://www.internshala.com/internship/detail/work-from-home-part-time-wordpress-development-internship-at-wowpets-influencers-llp1707736850
122,Flutter Development,Futuratech Platform Pvt Ltd,"['Android', 'Cloud Firestore', 'Firebase', 'Flutter', 'REST API']",https://www.internshala.com/internship/detail/work-from-home-flutter-development-internship-at-futuratech-platform-pvt-ltd1707732633
123,Reactjs Development,Build With Innovation Private Limited,"['CSS', 'Firebase', 'HTML', 'JavaScript', 'MongoDB', 'Next.js', 'Node.js', 'ReactJS']",https://www.internshala.com/internship/detail/work-from-home-reactjs-development-internship-at-build-with-innovation-private-limited1707717060
124,WordPress Development,Blackcoffer,"['Bootstrap', 'CSS', 'HTML', 'JavaScript', 'PHP', 'Search Engine Optimization (SEO)', 'Video Editing', 'WordPress']",https://www.internshala.com/internship/detail/work-from-home-wordpress-development-internship-at-blackcoffer1707720828
125,Full Stack Development,Analystt.ai,"['JavaScript', 'Next.js', 'Node.js', 'Python']",https://www.internshala.com/internship/detail/work-from-home-full-stack-development-internship-at-analysttai1707715945
126,WordPress Development,Kyogg,"['CSS', 'HTML', 'JavaScript', 'PHP', 'Search Engine Optimization (SEO)', 'WordPress']",https://www.internshala.com/internship/detail/wordpress-development-internship-in-ahmedabad-at-kyogg1707712003
127,WordPress Development,Help And Hygiene For All Foundation,"['CSS', 'HTML', 'PHP', 'WordPress']",https://www.internshala.com/internship/detail/work-from-home-part-time-wordpress-development-internship-at-help-and-hygiene-for-all-foundation1707649425
128,WordPress Development,PatilKaki,"['CSS', 'HTML', 'WordPress']",https://www.internshala.com/internship/detail/work-from-home-wordpress-development-internship-at-patilkaki1707629010
129,No Code Web Development,PatilKaki,"['Certificate', ' Letter of recommendation', ' Flexible work hours']",https://www.internshala.com/internship/detail/work-from-home-no-code-web-development-internship-at-patilkaki1707628927
130,Web Development,PatilKaki,"['CSS', 'HTML', 'JavaScript', 'WordPress']",https://www.internshala.com/internship/detail/work-from-home-web-development-internship-at-patilkaki1707628798
131,Wix Website Development,Ozibook Tech Solutions Private Limited,"['Certificate', ' Letter of recommendation']",https://www.internshala.com/internship/detail/work-from-home-part-time-wix-website-development-internship-at-ozibook-tech-solutions-private-limited1707568564
132,Web Development,Jivichem Synthesis Private Limited,"['Bootstrap', 'CSS', 'HTML', 'JavaScript', 'jQuery', 'MySQL', 'Node.js', 'PHP', 'ReactJS', 'WordPress']",https://www.internshala.com/internship/detail/work-from-home-part-time-web-development-internship-at-jivichem-synthesis-private-limited1707556689
133,Full Stack Development,PlayTheory Labs,"['Machine Learning', 'MongoDB', 'Natural Language Processing (NLP)', 'Node.js', 'Python']",https://www.internshala.com/internship/detail/work-from-home-full-stack-development-internship-at-playtheory-labs1707544972
134,Full Stack Development PHP Laravel,Bhujbal Daily Solutions Private Limited,"['AJAX', 'CSS', 'HTML', 'jQuery', 'LARAVEL', 'MySQL', 'PHP', 'REST API']",https://www.internshala.com/internship/detail/work-from-home-part-time-full-stack-development-php-laravel-internship-at-bhujbal-daily-solutions-private-limited1707288294
135,Flutter Development,Kartavya Technology,"['Dart', 'Figma', 'Flutter', 'MongoDB', 'Node.js']",https://www.internshala.com/internship/detail/work-from-home-part-time-flutter-development-internship-at-kartavya-technology1707217875
136,WordPress Development,Madquick Digital Agency,"['Search Engine Optimization (SEO)', 'WordPress']",https://www.internshala.com/internship/detail/work-from-home-part-time-wordpress-development-internship-at-madquick-digital-agency1707130070
137,Backend-Focused Full Stack Development: AI-Powered B2B SaaS,Siddharth Chopda,"['Next.js', 'PostgreSQL', 'Python', 'React']",https://www.internshala.com/internship/detail/work-from-home-backend-focused-full-stack-development-ai-powered-b2b-saas-internship-at-siddharth-chopda1707112788
138,Backend Development: AI-Powered B2B SaaS,Siddharth Chopda,"['Effective Communication', 'FastAPI', 'Model View Controller(MVC)', 'PostgreSQL', 'Python', 'SQL']",https://www.internshala.com/internship/detail/work-from-home-backend-development-ai-powered-b2b-saas-internship-at-siddharth-chopda1707112699
139,Web Development,"Lit Infotech Limited (London, United Kingdom)","['.NET', 'ASP.NET', 'Bootstrap', 'C#', 'HTML&CSS', 'JavaScript', 'MEAN/MERN Stack', 'MySQL']",https://www.internshala.com/internship/detail/work-from-home-web-development-internship-at-lit-infotech-limited1706869954
140,Flutter Development,Zivaka,"['Dart', 'Firebase', 'Flutter', 'REST API']",https://www.internshala.com/internship/detail/work-from-home-part-time-flutter-development-internship-at-zivaka1706763302
141,Python Development,Digipplus,['Python'],https://www.internshala.com/internship/detail/work-from-home-part-time-python-development-internship-at-digipplus1706592376
142,Python Development,Megaminds IT Services,"['Data Analytics', 'Data Science', 'Deep Learning', 'English Proficiency (Spoken)', 'English Proficiency (Written)', 'Machine Learning', 'Natural Language Processing (NLP)', 'Python', 'Research and Analytics', 'SQL']",https://www.internshala.com/internship/detail/work-from-home-python-development-internship-at-megaminds-it-services1706591675
143,Research (Tech),Web3 Project,"['Blockchain', 'Ethereum', 'GitHub', 'JavaScript', 'Next.js', 'Research and Analytics']",https://www.internshala.com/internship/detail/work-from-home-part-time-research-tech-internship-at-bhagi-rath1706526575
144,Backend Development,Alemeno,"['Bash', 'Django', 'Docker', 'PostgreSQL', 'Python']",https://www.internshala.com/internship/detail/work-from-home-backend-development-internship-at-alemeno1706514170
145,React Native Development,Webmobi,"['React Native', 'REST API']",https://www.internshala.com/internship/detail/work-from-home-part-time-react-native-development-internship-at-webmobi1706332627
146,Flutter Development,NextEdge Labs,"['Cloud Firestore', 'Dart', 'Firebase', 'Flutter', 'MongoDB', 'Node.js', 'REST API']",https://www.internshala.com/internship/detail/work-from-home-flutter-development-internship-at-nextedge-labs1706330341
147,Reactjs Development,Pianalytix Edutech Private Limted,"['HTML', 'JavaScript', 'Node.js', 'ReactJS', 'React Native', 'Redux', 'REST API']",https://www.internshala.com/internship/detail/work-from-home-part-time-reactjs-development-internship-at-pianalytix-edutech-private-limted1706258755
148,Java Development,Pianalytix Edutech Private Limted,"['Hibernate (Java)', 'J2EE', 'Java', 'JSP', 'MySQL', 'Spring MVC']",https://www.internshala.com/internship/detail/work-from-home-part-time-java-development-internship-at-pianalytix-edutech-private-limted1706258715
149,Microsoft Power BI,Pianalytix Edutech Private Limted,"['Business Analysis', 'Data Analysis', 'Data Analytics', 'Power BI']",https://www.internshala.com/internship/detail/work-from-home-part-time-microsoft-power-bi-internship-at-pianalytix-edutech-private-limted1706258628
150,Web Development,Emoolar Technology Private Limited,"['Certificate', ' Letter of recommendation', ' Flexible work hours']",https://www.internshala.com/internship/detail/work-from-home-part-time-web-development-internship-at-emoolar-technology-private-limited1706157364
151,Full Stack Development,Webmobi,"['Node.js', 'ReactJS']",https://www.internshala.com/internship/detail/full-stack-development-work-from-home-job-internship-at-webmobi1705929447
152,Full Stack Development,TravelBud,"['Amazon Web Services (AWS)', 'Dart', 'Figma', 'Flutter', 'JavaScript', 'MySQL', 'Node.js', 'PHP', 'WordPress']",https://www.internshala.com/internship/detail/full-stack-development-work-from-home-job-internship-at-travelbud1704483605
153,Remote- Wordpress Web Development Internship For All,GAO Group,"Wordpress,Plugin Development,Wordpress CMS,Plugin Customization,Wordpress Development,Wordpress Themes,Theme Development,Web technologies",https://www.naukri.com/job-listings-remote-wordpress-web-development-internship-for-all-gao-group-kolkata-hyderabad-ahmedabad-chennai-0-to-5-years-230224015297
154,Remote- Wordpress Web Development Internship For All,GAO Group,"Wordpress,Plugin Development,Wordpress CMS,Plugin Customization,Wordpress Development,Wordpress Themes,Theme Development,Web technologies",https://www.naukri.com/job-listings-remote-wordpress-web-development-internship-for-all-gao-group-hyderabad-ahmedabad-chennai-0-to-5-years-120224005570
155,Web Development,Engineeous,"Coding,Web development,Debugging,Javascript,PHP,HTML,Troubleshooting,Open source",https://www.naukri.com/job-listings-web-development-engineeous-ahmedabad-anand-0-to-1-years-071123501747
156,PHP Developer,Web Mavens,"jQuery,Coding,MySQL,Web development,PHP,XHTML,MVC,Open source",https://www.naukri.com/job-listings-php-developer-web-mavens-ahmedabad-0-to-1-years-070721500124
157,Jr . Web Developer,POST A RESUME HR Consultancy,"jQuery,XML,MySQL,Wordpress,Javascript,PHP,HTML,Application development",https://www.naukri.com/job-listings-jr-web-developer-post-a-resume-hr-consultancy-ahmedabad-0-to-3-years-200722500087
158,Web Designer,Teqto Infotech,"Graphics,jQuery,Front end,Illustrator,Web development,Wordpress,Javascript,PHP",https://www.naukri.com/job-listings-web-designer-teqto-infotech-hyderabad-secunderabad-ahmedabad-rajkot-0-to-2-years-310123500462
159,Web developer - Java Technologies,Customer Service Point (CSP),"Web technologies,java,Education,Java J2Ee Developer,JSP,Struts,developer,it",https://www.naukri.com/job-listings-web-developer-java-technologies-csp-ahmedabad-0-to-2-years-160218500506
160,Web Developer .Net,Malay Infotech,"jQuery,LINQ,RDBMS,XML,Entity framework,HTML,JSON,MVC",https://www.naukri.com/job-listings-web-developer-net-malay-infotech-pvt-ltd-ahmedabad-0-to-2-years-090823500429
161,Web Developers,Flexiware Solution,"HTML;Javascript,jQuery,Web technologies,web development,html,development,javascript",https://www.naukri.com/job-listings-web-developers-flexiware-solution-private-limited-ahmedabad-0-to-4-years-100420500322
162,React JS Developer,Webs Optimization Software Solution,"Front end,Version control,GIT,html5,Javascript,Programming,bootstrap,Internship",https://www.naukri.com/job-listings-react-js-developer-webs-optimization-software-solution-ahmedabad-0-to-2-years-160124500733
163,Trainee Software Developer,Lucent Innovation,"Loop,CSS,jQuery,Web technologies,html5,Front end design,Web development,Javascript",https://www.naukri.com/job-listings-trainee-software-developer-lucent-innovation-ahmedabad-0-to-1-years-230922501835
164,Front End Developer,Hupp Technologies,"CSS,Front end,PDF,Web technologies,html5,Wordpress,Web development,query",https://www.naukri.com/job-listings-front-end-developer-hupp-technologies-ahmedabad-0-to-2-years-180121500309
165,JavaScript Developer,Rayo Innovations,"GIT,Web technologies,html5,Web development,Cloud,Manager Technology,Javascript,Cost estimation",https://www.naukri.com/job-listings-javascript-developer-rayo-innovations-ahmedabad-0-to-4-years-151020500067
166,Nodejs And React Developer,Hexabrain Technologies,"Web application development,GIT,NoSQL,MySQL,Javascript,Agile,PHP,Object oriented programming",https://www.naukri.com/job-listings-nodejs-and-react-developer-hexabrain-technologies-private-limited-ahmedabad-0-to-5-years-110423500630
167,Software Developer -  Btech / MCA / MTech / BSc Freshers & EXP,Avsg Consultancy,"Software Development,Software Engineering,Application Programming,Software Development Life Cycle,Software Project Management,Application Software,Software Product Development,Database Handling",https://www.naukri.com/job-listings-software-developer-btech-mca-mtech-bsc-freshers-exp-avsg-consultancy-ahmedabad-bangalore-bengaluru-delhi-ncr-0-to-4-years-170224001681
168,"Software Developer - Be / Btech / MCA / MTech / BSc Freshers & EXP
",Balasundaram Santosh,"Software Development,Application Programming,Software Development Life Cycle,Software Project Management,Application Software,Software Product Development,Software Engineering,Database Handling",https://www.naukri.com/job-listings-software-developer-be-btech-mca-mtech-bsc-freshers-exp-balasundaram-santosh-kolkata-hyderabad-pune-ahmedabad-chennai-bangalore-bengaluru-delhi-ncr-mumbai-all-areas-0-to-5-years-110323003802
169,Jr PHP Developer,Triforce Consulting Services ,"Php Development,Javascript,Bootstrap Css Framework,JQuery,Html/Css,Mysql Database,MySQL,Boostrap",https://www.naukri.com/job-listings-jr-php-developer-triforce-consulting-services-ahmedabad-gujarat-0-to-1-years-200224010018
170,Software Developer,Markteq708 Iscon Elegance,"c#,tware development,software,wordpress,level,cms,it,windows",https://www.naukri.com/job-listings-software-developer-markteq708-iscon-elegance-ahmedabad-0-to-3-years-310316504959
171,GIS Developers- Machine learning,Amnex,"GIS,Computer science,Process automation,Computer vision,deep learning,Image processing,Web development,Machine learning",https://www.naukri.com/job-listings-gis-developers-machine-learning-amnex-infotechnologies-ahmedabad-0-to-3-years-221019501884
172,Senior PHP Developer,Thoughtmate Systems,"Scalability,Coding,MySQL,Web development,Debugging,Software development life cycle,PHP,Deployment",https://www.naukri.com/job-listings-senior-php-developer-thoughtmate-systems-ahmedabad-0-to-3-years-220923500865
173,iOS App Developer,Digistretch Solutions,"development,website,C,code,Web development,mobile,jQuery mobile,IOS",https://www.naukri.com/job-listings-ios-app-developer-digistretch-solutions-pvt-ltd-ahmedabad-other-other-0-to-2-years-210717500525
174,Dot Net Developer,Diyan Technologies,"Performance tuning,Coding,MySQL,Wordpress,Web development,PHP,Animation,MVC",https://www.naukri.com/job-listings-dot-net-developer-diyan-technologies-llp-ahmedabad-0-to-3-years-050922501715
175,Sr.JAVA Developer,Connectionphase,"Web application development,Hibernate,Core Java,HR Executive,ISO,Javascript,PHP,Struts",https://www.naukri.com/job-listings-sr-java-developer-connectionphase-ahmedabad-0-to-5-years-310317500796
176,Angular JS Developer,POST A RESUME HR Consultancy,"jQuery,XML,Wordpress,Web development,Javascript,PHP,HTML,SEO",https://www.naukri.com/job-listings-angular-js-developer-post-a-resume-hr-consultancy-ahmedabad-0-to-3-years-141122502105
177,Business Development Executive,Shreeji Software,"Cold calling,Graphics,Lead generation,Networking,Online marketing,Social media,Web development,Client interaction",https://www.naukri.com/job-listings-business-development-executive-shreeji-software-ahmedabad-0-to-5-years-141022503310
178,Business Development Executive,Arth Infosoft,"ms office applications,bidding,documentation,cms,business development executive,excel and powerpoint,portal,avid",https://www.naukri.com/job-listings-business-development-executive-arth-infosoft-pvt-ltd-ahmedabad-0-to-2-years-160715500452
179,Business Development Executive,Arth Infosoft,"ms office applications,bidding,documentation,cms,e commerce,excel and powerpoint,portal,web applications",https://www.naukri.com/job-listings-business-development-executive-arth-infosoft-pvt-ltd-ahmedabad-ahmedabad-0-to-2-years-081015500565
180,Business Development Executive,Arth Infosoft,"bidding,fice applications ,development executive,ms,documentation,cms,e commerce,avid",https://www.naukri.com/job-listings-business-development-executive-arth-infosoft-pvt-ltd-ahmedabad-0-to-2-years-080316500999
181,Business Development Executive,Arth Infosoft,"excel,bidding,fice applications,ms,development executive,documentation,cms,web applications",https://www.naukri.com/job-listings-business-development-executive-arth-infosoft-pvt-ltd-ahmedabad-0-to-2-years-050216501508
182,Dotnet Developer,Mol-tech Solutions - Web Development,"OOPS,Javascript,.Net,Dotnet Development,Development",https://www.naukri.com/job-listings-dotnet-developer-mol-tech-solutions-web-development-ahmedabad-0-to-2-years-280723503201
183,PHP Developer ( Fresher / Trainee ),Alps Web Solutions,"Computer science,CSS,Version control,Web technologies,Web services,Coding,Javascript,PHP",https://www.naukri.com/job-listings-php-developer-fresher-trainee-alps-web-solutions-ahmedabad-0-to-1-years-040121501142
184,Embedded Application Developer,Veer Machinery,"Microcontroller,Embedded C,Wireless Communication,Embedded Development,Embedded Programming,Application,Embedded systems,Programming",https://www.naukri.com/job-listings-embedded-application-developer-veer-machinery-ahmedabad-0-to-5-years-120224002028
185,Sr . Software Developer,Newstar Infotech,"Computer science,Web technologies,SQL database,Programming,Database,Application software,IOS,DBMS",https://www.naukri.com/job-listings-sr-software-developer-newstar-infotech-ahmedabad-0-to-1-years-290823500792
186,Junior Software Developer Engineer,Probus Insurance Broker,"ASP.NET core framework,C#,MVC,ASP.Net Core,Development,Software,Framework,Software development",https://www.naukri.com/job-listings-junior-software-developer-engineer-probus-insurance-broker-pvt-ltd-ahmedabad-0-to-2-years-230224011957
187,MEAN Stack Developer,Plutomen,"Computer science,Front end,Version control,GIT,Coding,Database design,Web development,MongoDB",https://www.naukri.com/job-listings-mean-stack-developer-plutomen-technologies-pvt-ltd-ahmedabad-0-to-3-years-051223501182
188,Php Developer,Myriad Solutionz,"jQuery,Wordpress,Javascript,CMS,PHP,HTML,Joomla,SQL",https://www.naukri.com/job-listings-php-developer-myriad-solutionz-ahmedabad-0-to-2-years-230821500900
189,PHP-Laravel Developer,Ebiztrait,"PHP,Development",https://www.naukri.com/job-listings-php-laravel-developer-ebiztrait-ahmedabad-0-to-2-years-290923501468
190,Jr. Laravel Developer,Karbh It Solutions,"CSS,GIT,Web technologies,MySQL,Javascript,PHP,HTML,Troubleshooting",https://www.naukri.com/job-listings-jr-laravel-developer-karbh-it-solutions-llp-ahmedabad-0-to-1-years-301123500908
191,PHP Developer,NXC Controls,"Drupal,OSCommerce,Coding,Javascript,PHP,HTML,MVC,Open source",https://www.naukri.com/job-listings-php-developer-nxc-controls-ahmedabad-0-to-2-years-250321501626
192,MERN Stack Developer,Quixom,"jQuery,GIT,MySQL,Agile,HTML,JSON,application architecture,Middleware",https://www.naukri.com/job-listings-mern-stack-developer-quixom-technology-ahmedabad-0-to-3-years-160124500837
193,PHP Laravel Developer,Aipxperts Technolabs,"jQuery,Version control,WAMP,Social media,Subversion,MySQL,Javascript,PHP",https://www.naukri.com/job-listings-php-laravel-developer-aipxperts-technolabs-pvt-ltd-ahmedabad-0-to-3-years-131023500057
194,Front End Developer,Mantras2Success Consultants,"jQuery,Front end,MySQL,Javascript,Agile,PHP,HTML,Selenium",https://www.naukri.com/job-listings-front-end-developer-mantras2success-consultants-ahmedabad-0-to-4-years-130723500649
195,Front End Developer,World Web Technology,"Backend,jQuery,Front end,PDF,Web technologies,User interface designing,Javascript,HTML",https://www.naukri.com/job-listings-front-end-developer-world-web-technology-ahmedabad-0-to-3-years-130423500474
196,Jr. PHP Developer,Rudr Consultancy Services,"Front end,GIT,NoSQL,Wordpress,Javascript,PHP,MVC,SQL",https://www.naukri.com/job-listings-jr-php-developer-rudr-consultancy-services-ahmedabad-0-to-3-years-120722501747
197,PHP developer,Allies Business Hub,"Computer science,Drupal,OSCommerce,Coding,Javascript,PHP,HTML,Open source",https://www.naukri.com/job-listings-php-developer-allies-business-hub-ahmedabad-0-to-3-years-110820500106
198,React JS Developer,Malay Infotech,"T-SQL,LINQ,VB.NET,RDBMS,Programming,Entity framework,ASP.Net,HTML",https://www.naukri.com/job-listings-react-js-developer-malay-infotech-pvt-ltd-ahmedabad-0-to-3-years-090823500428
199,Wordpress developer,World Wide Web India,"jQuery,Bidding,Coding,Illustrator,MySQL,Wordpress,HTML,MVC",https://www.naukri.com/job-listings-wordpress-developer-world-wide-web-india-ahmedabad-0-to-2-years-220323500707
200,WordPress Developer,Teqto Infotech,"Graphics,Content management,jQuery,Wordpress,Debugging,Javascript,PHP,Troubleshooting",https://www.naukri.com/job-listings-wordpress-developer-teqto-infotech-hyderabad-secunderabad-ahmedabad-rajkot-0-to-2-years-310123500463
201,PHP / Wordpress Developers,Classicus Infotech,"Coding,Wordpress,Javascript,PHP,wordpress development,development",https://www.naukri.com/job-listings-php-wordpress-developers-classicus-infotech-ahmedabad-0-to-2-years-301219501917
202,Jr Developer,Omex Infotech,"c#,Automation,css,Wealth management,technical,Regression,Test scenarios,Capital market",https://www.naukri.com/job-listings-jr-developer-omex-infotech-ahmedabad-0-to-1-years-061217500505
203,Fresher Software Engineer .NET,Infinium Global Solutions,"jQuery,C,Database design,html5,Web development,Javascript,Windows,MVC",https://www.naukri.com/job-listings-fresher-software-engineer-net-infinium-global-solutions-ahmedabad-0-to-2-years-260723502507
204,Project Co - ordinator,Web Mavens,"Project development,Project Coordinator,Project management,query,Manager Technology,Client relationship,MS Office,Development",https://www.naukri.com/job-listings-project-co-ordinator-web-mavens-ahmedabad-0-to-3-years-070721500123
205,Junior Front End Developer - Remote (Fresh College Graduates),Coalition Technologies,"Html/Css,PSD,GIT,Responsive Web Design,Illustrator,SVN,Photoshop,Remote",https://www.naukri.com/job-listings-junior-front-end-developer-remote-fresh-college-graduates-coalition-technologies-hyderabad-telangana-ahmedabad-chennai-tamil-nadu-0-to-5-years-310124012301
206,Engineer,Cravita Technologies,"Java,Programming,Computer Science,Python,CSS,Software Testing,HTML,Languages",https://www.naukri.com/job-listings-engineer-cravita-technologies-bhavnagar-gujarat-ratlam-madhya-pradesh-gandhinagar-gujarat-jamnagar-gujarat-ahmedabad-rajkot-gujarat-surat-gujarat-vadodara-gujarat-0-to-0-years-090224007876
207,Project coordinator Trainee,Connectionphase,"English,Project Coordinator,Mobile application development,HR Executive,Team management,Web development,PHP,HTTP",https://www.naukri.com/job-listings-project-coordinator-trainee-connectionphase-ahmedabad-0-to-2-years-310317500798
208,Consultant,mycityband,"Computer science,Usage,android application development,Web development,Application development,Android,Development,Science",https://www.naukri.com/job-listings-consultant-mycityband-hyderabad-secunderabad-ahmedabad-0-to-1-years-270220500371
209,Sales Manager,Mantras2Success Consultants,"Social media marketing,Costing,Field sales,Channel sales,Web development,Agile,Digital marketing,Catering",https://www.naukri.com/job-listings-sales-manager-mantras2success-consultants-ahmedabad-0-to-2-years-270323501365
210,Bids Specialist - IT,Passionmojo,"Mobile application development,Interpersonal skills,Bidding,Web development,Digital marketing,Revenue generation,international clients,Online bidding",https://www.naukri.com/job-listings-bids-specialist-it-passionmojo-pvt-ltd-ahmedabad-0-to-1-years-240723502121
211,Front-End Developer,Alps Web Solutions,"jQuery,Front end,GIT,Web technologies,GIMP,Wordpress,Javascript,Photoshop",https://www.naukri.com/job-listings-front-end-developer-alps-web-solutions-ahmedabad-0-to-2-years-230821501025
212,Sales Manager,Mantras2Success Consultants,"Costing,Channel sales,Web development,Agile,SEM,SEO,Digital marketing,Catering",https://www.naukri.com/job-listings-sales-manager-mantras2success-consultants-ahmedabad-0-to-3-years-200423501433
213,Artist 2D/3D,Global India Technologies,"3D,Mobile application development,Social media,Web development,System integration,Web designing,SEO,Media",https://www.naukri.com/job-listings-artist-2d-3d-global-india-technologies-ahmedabad-0-to-3-years-150323500901
214,Content Writer Services,Always Post,"Content management,Technical writing,Web development,CMS,Internet marketing,HTML,SEO,Web content",https://www.naukri.com/job-listings-content-writer-services-always-post-ahmedabad-0-to-2-years-141222502439
215,Dot Net Developer,Techno Career Tips,"Software design,Visual Basic,Software development life cycle,Business Development Executive,MVC,Technical support,SDLC,Petroleum",https://www.naukri.com/job-listings-dot-net-developer-techno-career-tips-pvt-ltd-ahmedabad-0-to-3-years-070120500971
216,Creative Content Writer,Candidroot Solutions,"Content management,ERP,System management,Technical writing,Management systems,Social media,Web development,Content management system",https://www.naukri.com/job-listings-creative-content-writer-candidroot-solutions-private-limited-ahmedabad-0-to-3-years-020822502829
217,ASP.NET Developers,Zobi Web Solutions,"Software design,jQuery,Web technologies,Debugging,Javascript,Deployment,ASP.Net MVC,SQL",https://www.naukri.com/job-listings-asp-net-developers-zobi-web-solutions-pvt-ltd-ahmedabad-0-to-4-years-080720500188
218,WordPress Developer,CLoud Staff Solutions,"WordPress,woocommerce,website architecture,jQuery,JavaScript,HTML5,CSS3,Wordpress Development",https://www.naukri.com/job-listings-wordpress-developer-cloud-staff-solutions-lucknow-ahmedabad-surat-0-to-4-years-160224904873
219,WordPress Developer,CLoud Staff Solutions,"wordpress,woocommerce,front end,jQuery,plugins,JavaScript,HTML5,site integration",https://www.naukri.com/job-listings-wordpress-developer-cloud-staff-solutions-lucknow-ahmedabad-surat-0-to-1-years-160224904427
220,Junior .net Developer,Technometrics Solution,"MS SQL,jQuery,Web services,VB.NET,Analytical,Javascript,ASP.Net,JSON",https://www.naukri.com/job-listings-junior-net-developer-technometrics-solution-pvt-ltd-ahmedabad-0-to-2-years-220823500029
221,"Java Developers
",Balasundaram Santosh,"Java Development,Java,Core Java,J2Ee Development,Javascript,Java Programming,Full Stack,J2Ee",https://www.naukri.com/job-listings-java-developers-balasundaram-santosh-hyderabad-secunderabad-ahmedabad-mumbai-all-areas-0-to-5-years-110323003788
222,Software Developer,Icast Erp,"Front end,Architecture,application,level,Winforms,ASP.Net,PLSQL,developer",https://www.naukri.com/job-listings-software-developer-icast-erp-ahmedabad-0-to-1-years-290419500183
223,Jr. Software Developer (.Net)/Trainee,Locanix,"Technical product configuration,c++,C,design,MySQL,JavaScript,integration PHP,HTML",https://www.naukri.com/job-listings-jr-software-developer-net-trainee-locanix-ahmedabad-0-to-2-years-310118500766
224,Software Developer ( Dotnet ),ActionEdge Research Services,"Software Developer,. Net,Development,.Net,Software development,Software",https://www.naukri.com/job-listings-software-developer-dotnet-actionedge-research-services-llp-ahmedabad-0-to-3-years-290523500174
225,Software developer -Java,Customer Service Point (CSP),"assembly language,, C,HTML,it,SQL,Six Sigma,PMP",https://www.naukri.com/job-listings-software-developer-java-csp-ahmedabad-0-to-3-years-160218500507
226,Trainee Software Developers,Anant Softtech,"Computer science,Software Developer,jQuery,Web services,XML,Javascript,Manager Technology,MVC",https://www.naukri.com/job-listings-trainee-software-developers-anant-softtech-private-limited-ahmedabad-0-to-2-years-060320500005
227,Trainee software developer,E-works,"iPhone,C++,CV,C,java,Trainee,technical,Programming",https://www.naukri.com/job-listings-trainee-software-developer-eworks-services-pvt-ltd-nagpur-ahmedabad-bhilai-bhillai-raipur-detroj-dholka-viramgam-0-to-7-years-010917500369
228,iOS Development,Zetamp Energy Solutions,"Computer science,Bluetooth,PDF,SQLite,JSON,ios development,Unit testing,Troubleshooting",https://www.naukri.com/job-listings-ios-development-zetamp-hyderabad-secunderabad-ahmedabad-bengaluru-bangalore-0-to-1-years-291019500382
229,ASP . NET Developer,Icast Erp,"server,ERP,Architecture,level,Winforms,SQL,Front end,application",https://www.naukri.com/job-listings-asp-net-developer-icast-erp-ahmedabad-0-to-1-years-290419500182
230,Node Js Developer,Aipxperts Technolabs,"SIDE,Web application development,security compliance,jQuery,Front end,GIT,HP data protector,Social media",https://www.naukri.com/job-listings-node-js-developer-aipxperts-technolabs-pvt-ltd-ahmedabad-0-to-4-years-281123501525
231,ASP . Net MVC Developer,AUM Infotech,"CSS,jQuery,LINQ,Entity framework,PLSQL,HTML,microsoft,ASP.Net MVC",https://www.naukri.com/job-listings-asp-net-mvc-developer-aum-infotech-ahmedabad-0-to-1-years-250723500435
232,Jr Reactnative Developer,AIS Technolabs,"Basic,Core Java,Usage,jQuery,OOPS,Javascript,Scheduling,Android",https://www.naukri.com/job-listings-jr-reactnative-developer-ais-technolabs-pvt-ltd-ahmedabad-0-to-1-years-250124500167
233,Jr Nodejs Developer,AIS Technolabs,"Basic,Usage,CSS,OOPS,Javascript,Programming,Data structures,HTML",https://www.naukri.com/job-listings-jr-nodejs-developer-ais-technolabs-pvt-ltd-ahmedabad-0-to-1-years-250124500166
234,Angular JS Developer,Teclogiq,"UI development,Application testing,Front end,Version control,GIT,Web services,Testing tools,Coding",https://www.naukri.com/job-listings-angular-js-developer-teclogiq-ahmedabad-0-to-5-years-181023501887
235,Mean Stack Developer Intern,NicheTech Computer Solutions Pvt.Ltd,"C++,CSS,Web technologies,Software development life cycle,Programming,Data structures,HTML,MongoDB",https://www.naukri.com/job-listings-mean-stack-developer-intern-nichetech-computer-solutions-pvt-ltd-ahmedabad-0-to-1-years-180124500499
236,Python Developer,Quixom,"Data analysis,Front end,Version control,GIT,HP data protector,Postgresql,Django,MySQL",https://www.naukri.com/job-listings-python-developer-quixom-technology-ahmedabad-0-to-3-years-160124500839
237,Dot Net Developer,Flexiware Solution,"C,ASP.Net,MVC",https://www.naukri.com/job-listings-dot-net-developer-flexiware-solution-private-limited-ahmedabad-0-to-5-years-100420500319
238,Android Developer ( Interns ),Teksun,"Basic,GIT,Intern,OOPS,Cloud,android studio,Android,Development",https://www.naukri.com/job-listings-android-developer-interns-teksun-microsys-pvt-ltd-ahmedabad-0-to-1-years-041223500669
239,PHP Developer,Vibidsoft,"cakephp,rdbms,joomla,ajax,xhtml,quality,multimedia,drupal",https://www.naukri.com/job-listings-php-developer-vibidsoft-ahmedabad-0-to-2-years-301115500629
240,Mobile App Developer - Android Developer,Arth Infosoft Pvt. Ltd,"Publishing,OOPS,MySQL,SQLite,android studio,Database,JSON,Android SDK",https://www.naukri.com/job-listings-mobile-app-developer-android-developer-arth-infosoft-pvt-ltd-ahmedabad-0-to-2-years-301017501324
241,Android Developer,Bluepixel Technologies,"SIDE,Backend,Focus,Infrastructure,HTML,Android,Android Application Development,Development",https://www.naukri.com/job-listings-android-developer-bluepixel-technologies-llp-ahmedabad-0-to-7-years-290623502266
242,Python Developer,Alakmalak Technologies,"Computer science,Analytical skills,Software development methodologies,GIT,Version control,MySQL,Agile,Stock market",https://www.naukri.com/job-listings-python-developer-alakmalak-technologies-ahmedabad-0-to-2-years-280723502305
243,Magento Developer,AVI Web Solutions,"Packaging,Manager Technology,PHP,Open source,Source,Development,Technology,Microservices Development",https://www.naukri.com/job-listings-magento-developer-avi-web-solutions-private-limited-ahmedabad-0-to-2-years-280619500153
244,Java Developer,Indusa,"Hibernate,Core Java,ERP,Business analysis,Project management,Struts,Application development,JSF",https://www.naukri.com/job-listings-java-developer-indusa-ahmedabad-0-to-2-years-280520500778
245,Dot Net Developer,Indusa,"ERP,Business analysis,Project management,Debugging,CMMI,Application development,WCF,MVC",https://www.naukri.com/job-listings-dot-net-developer-indusa-ahmedabad-0-to-2-years-280520500776
246,Java Developer,Indusa,"Hibernate,Core Java,ERP,Business analysis,Project management,Consulting,ISO 27001,Struts",https://www.naukri.com/job-listings-java-developer-indusa-ahmedabad-0-to-2-years-280520500774
247,Mean Stack Developer,Xceltec,"Architect,Analytical,Cloud,Debugging,Javascript,Deployment,Management,AWS",https://www.naukri.com/job-listings-mean-stack-developer-xceltec-interactive-private-limited-ahmedabad-0-to-2-years-270723500199
248,Dot Net Developers,Mantras2Success Consultants,"Object oriented design,jQuery,GIT,Debugging,Agile,Entity framework,WCF,Visual Studio",https://www.naukri.com/job-listings-dot-net-developers-mantras2success-consultants-ahmedabad-0-to-9-years-270423501565
249,Jr. Node JS Developer,Elite Corporate Solutions,"Service Lead,Lead generation,github,Automation testing,Version control,GIT,Javascript,E-commerce",https://www.naukri.com/job-listings-jr-node-js-developer-elite-corporate-solutions-private-limited-ahmedabad-0-to-5-years-270423500873
250,PHP Developer,Tech Celerity,"jQuery,MySQL,Javascript,CMS,PHP,CakePHP,Open source,SDLC",https://www.naukri.com/job-listings-php-developer-tech-celerity-ahmedabad-0-to-4-years-270122502334
251,Angular 6+ Front End Developer/ Sr. Frontend Developer,Ysoft Solution,"Front end,Analytical,Debugging,Javascript,sr,angular,frontend development,front",https://www.naukri.com/job-listings-angular-6-front-end-developer-sr-frontend-developer-ysoft-solution-ahmedabad-0-to-2-years-270120501163
252,Mobile App Developer-  Android Developer,Arth Infosoft Pvt. Ltd,"Publishing,OOPS,MySQL,SQLite,android studio,Database,JSON,Android SDK",https://www.naukri.com/job-listings-mobile-app-developer-android-developer-arth-infosoft-pvt-ltd-ahmedabad-0-to-2-years-260219502431
253,PHP DEVELOPERS,Mxicoders Pvt. Ltd,"cakephp,php mysql,css,technical,software,wordpress,level,testing",https://www.naukri.com/job-listings-php-developers-mxicoders-pvt-ltd-ahmedabad-ahmedabad-0-to-3-years-250815500653
254,PHP Laravel Developer,Citrusbug Technolabs,"Performance tuning,Automation,Backend,Front end,Django,MySQL,Agile,PHP",https://www.naukri.com/job-listings-php-laravel-developer-citrusbug-technolabs-ahmedabad-0-to-2-years-250723501524
255,PHP Developers,Webdimensions,"jQuery,Development Manager,MySQL,Javascript,PHP,Open source,Core PHP,management",https://www.naukri.com/job-listings-php-developers-webdimensions-ahmedabad-0-to-2-years-250619500527
256,Java Developer,Mm Staffing & Career Consultants,"Core Java,ERP,Construction,Coding,SAAS,OOPS,Healthcare,Consumer electronics",https://www.naukri.com/job-listings-java-developer-mm-staffing-career-consultants-private-limited-ahmedabad-0-to-4-years-250323500739
257,JAVA Developer,NXC Controls,"Computer science,Hibernate,Spring mvc,Spring framework,GWT,Memory management,test driven development,JSF",https://www.naukri.com/job-listings-java-developer-nxc-controls-ahmedabad-0-to-2-years-250321501625
258,Android Developer,NXC Controls,"Computer science,Mobile development,Programming,JSON,Unit testing,Android SDK,Mobile applications,Application",https://www.naukri.com/job-listings-android-developer-nxc-controls-ahmedabad-0-to-2-years-250321501624
259,IOS Developer,NXC Controls,"Graphics,Computer science,Mobile development,Animation,Unit testing,ios development,Mobile applications,IOS",https://www.naukri.com/job-listings-ios-developer-nxc-controls-ahmedabad-0-to-2-years-250321501621
260,Oracle Cloud CPQ Developer,Primohunt Corporate,"Order management,Procurement,O2C,Business system,Cloud,Oracle Sales,Testing,order fulfillment",https://www.naukri.com/job-listings-oracle-cloud-cpq-developer-primohunt-corporate-ahmedabad-0-to-12-years-250123501407
261,Python/Django developer,Intellial,"HTML;Javascript,Web services,Coding,XML,Django,Javascript,JSON,Business applications",https://www.naukri.com/job-listings-python-django-developer-intellial-solutions-pvt-ltd-ahmedabad-0-to-2-years-240620500246
262,"Mobile App Developer (Flutter, Android, iOS)",Amar Infotech,"Mobile application development,Web technologies,Commerce,Unit testing,IOS,Cost,Android,mobile development",https://www.naukri.com/job-listings-mobile-app-developer-flutter-android-ios-amar-infotech-ahmedabad-0-to-1-years-240221500525
263,Java Developer,Cloudzon Infoconnect,"CSS,Web technologies,java,web,MySQL,Javascript,Programming,HTML",https://www.naukri.com/job-listings-java-developer-cloudzon-ahmedabad-0-to-2-years-210818500186
264,Adobe Campaign Developer,Beechi Vidya Kendra Trust,"Cloud computing,Automation,Backend,Coding,Agile,Unit testing,Adobe,Open source",https://www.naukri.com/job-listings-adobe-campaign-developer-beechi-vidya-kendra-trust-new-delhi-hyderabad-secunderabad-pune-ahmedabad-0-to-1-years-200323501815
265,Dot Net Developer,Intellect Infonet,"c#,Web technologies,C,web,asp.net,.net,developer,mvc",https://www.naukri.com/job-listings-dot-net-developer-intellect-infonet-ahmedabad-0-to-3-years-200319501723
266,Sr.PHP Developer/ Jr.PHP Developer,Connectionphase,"Drupal,HR Executive,jQuery,MySQL,PHP,WordpressISO,Business Executive,Joomla",https://www.naukri.com/job-listings-sr-php-developer-jr-php-developer-connectionphase-ahmedabad-0-to-5-years-200317500134
267,Odoo Python Developer,Probuse Consulting Service,"Ubuntu,Training,jQuery,Consulting,Banking,Javascript,Business management,Application development",https://www.naukri.com/job-listings-odoo-python-developer-probuse-consulting-service-ahmedabad-0-to-1-years-190922501078
268,Jr. Android Developer,Zetrixweb,"agil de,Android Developer,Android
,Mobile Testing,Automation Framework,selenative platfrom,Android,Android Application Development",https://www.naukri.com/job-listings-jr-android-developer-zetrixweb-infotech-llp-ahmedabad-0-to-3-years-190820500831
269,PHP developer,POST A RESUME HR Consultancy,"Hibernate,Core Java,jQuery,JSP,Wordpress,Javascript,PHP,J2Ee",https://www.naukri.com/job-listings-php-developer-post-a-resume-hr-consultancy-ahmedabad-0-to-5-years-190522502103
270,Dot NET Developer,Cavitak Marketing,"Performance tuning,HTML;Javascript,MS SQL,Software design,Web technologies,VB SCRIPT,Agile development,MySQL",https://www.naukri.com/job-listings-dot-net-developer-cavitak-marketing-private-limited-ahmedabad-0-to-1-years-190124500566
271,Node . js / MongoDB developer,ARK Infosoft,"SIDE,Front end,Javascript,Database,MongoDB,Management,Front,Node",https://www.naukri.com/job-listings-node-js-mongodb-developer-ark-infosoft-ahmedabad-0-to-3-years-180822501953
272,ASP . NET DEVELOPER,Pam Technologies,"ASP.Net,Development,Net Development,ASP,.Net",https://www.naukri.com/job-listings-asp-net-developer-pam-technologies-ahmedabad-0-to-3-years-180822501658
273,Python Developer,Mantras2Success Consultants,"Manual testing,Front end,Testing tools,Debugging,Javascript,Selenium,SQL,Python",https://www.naukri.com/job-listings-python-developer-mantras2success-consultants-ahmedabad-0-to-5-years-180523500264
274,Android Developer,Sleek Sky,"Mobile development,Data Processor,JSON,Unit testing,Android SDK,sdk,data processing,unit",https://www.naukri.com/job-listings-android-developer-sleek-sky-ahmedabad-0-to-3-years-180521501105
275,Dot NET DEVELOPER,Logical Wings,"Web technologies,OOPS,Application development,ASP.Net MVC,Testing,Development,MVC,Software testing",https://www.naukri.com/job-listings-dot-net-developer-logical-wings-ahmedabad-0-to-5-years-170823500895
276,IPhone Developer,AUM Infotech,"objective c,coding,development,application,android,json,xml parser,phonegap",https://www.naukri.com/job-listings-iphone-developer-aum-infotech-ahmedabad-0-to-3-years-170715502579
277,Php Developer,Cogent Commerce,"Css,Open Source,Mysql,Wordpress,Javascript,Object Oriented Programming,Core Php,Php Developer",https://www.naukri.com/job-listings-php-developer-cogentcommerce-ahmedabad-0-to-1-years-161221500454
278,PHP Developer,Dezign Brain,"Wordpress,Core Php,Php Developer,php,core,development,php development",https://www.naukri.com/job-listings-php-developer-dezign-brain-ahmedabad-0-to-1-years-161221500419
279,Flutter Developer,Swan Softweb,"Performance tuning,Automation testing,GIT,Version control,User interface designing,Agile development,Swift,IOS",https://www.naukri.com/job-listings-flutter-developer-swansoftwebsolutions-ahmedabad-0-to-1-years-160623501776
280,Angular Developer,Swan Softweb,"security compliance,Front end,Django,Debugging,Javascript,MVC,JIRA,SQL",https://www.naukri.com/job-listings-angular-developer-swansoftwebsolutions-ahmedabad-0-to-3-years-160623501775
281,PHP Developer,Oob Smarthome India,"C++,jQuery,Database management,html5,MySQL,Javascript,Infrastructure,PHP",https://www.naukri.com/job-listings-php-developer-oob-smarthome-india-pvt-ltd-ahmedabad-0-to-1-years-151022500422
282,IOS Developer,Oob Smarthome India,"Analytical skills,Performance tuning,Automation,Backend,Web technologies,Coding,Manager Technology,Animation",https://www.naukri.com/job-listings-ios-developer-oob-smarthome-india-pvt-ltd-ahmedabad-0-to-2-years-151022500418
283,Unity Developer,Karbh It Solutions,"Graphics,Project development,Version control,GIT,Debugging,Programming,Gaming,game development",https://www.naukri.com/job-listings-unity-developer-karbh-it-solutions-llp-ahmedabad-0-to-1-years-150923501079
284,IPhone Developer,AUM Infotech,"objective c,coding,development,manager,application,frameworks,android,json",https://www.naukri.com/job-listings-iphone-developer-aum-infotech-ahmedabad-ahmedabad-0-to-1-years-140915500301
285,ASP . NET Developer Freshers,Satyanam Info Solution,"Computer science,HTML;Javascript,Software design,Software development life cycle,ASP.Net,MVC,Troubleshooting,Technical support",https://www.naukri.com/job-listings-asp-net-developer-freshers-satyanam-info-solution-ahmedabad-0-to-1-years-120222500331
286,Android Developer,Hexabrain Technologies,"Version control,Publishing,GIT,User interface designing,Debugging,SQLite,Agile,Unit testing",https://www.naukri.com/job-listings-android-developer-hexabrain-technologies-private-limited-ahmedabad-0-to-5-years-110423500629
287,iOS Developer,Flexiware Solution,"C,Swift,IOS,io,development,ios development",https://www.naukri.com/job-listings-ios-developer-flexiware-solution-private-limited-ahmedabad-0-to-3-years-100420500321
288,Android Developer,Flexiware Solution,"JSON,Android SDK,sdk,android application development,development,android",https://www.naukri.com/job-listings-android-developer-flexiware-solution-private-limited-ahmedabad-0-to-3-years-100420500320
289,IOS developer,OOB Automation,"Performance tuning,Animation,Swift,IOS,Performance,Development,IOS Development,Io",https://www.naukri.com/job-listings-ios-developer-oob-automation-ahmedabad-0-to-2-years-100323503085
290,IOS DEVELOPER,Wadprog,"Backend,GIT,Mobile development,Cloud,Swift,SVN,IOS,io",https://www.naukri.com/job-listings-ios-developer-wadprog-ahmedabad-0-to-2-years-091222500701
291,ANDROID DEVELOPER,Wadprog,"Performance tuning,Social media,SQLite,Programming,Unit testing,Android SDK,performance,android",https://www.naukri.com/job-listings-android-developer-wadprog-ahmedabad-0-to-2-years-091222500699
292,Jr. Developer -.NET ( JR- Mid level ),MM STAFFING CAREER CONSULTANTS PRIVATE LIMITED,"Application design,Automation,Web technologies,Development Manager,Debugging,Infrastructure,Data analytics,ASP.Net MVC",https://www.naukri.com/job-listings-jr-developer-net-jr-mid-level-mm-staffing-career-consultants-private-limited-ahmedabad-0-to-4-years-091222500589
293,Wordpress Developer,Smartfish Designs,"Team leading,jQuery,Project leading,Coding,MySQL,Wordpress,PHP,HTML",https://www.naukri.com/job-listings-wordpress-developer-smartfish-designs-pvt-ltd-ahmedabad-0-to-1-years-091023501428
294,Jr. Android Developer,Codizious Technologies,"Backend,Publishing,Memory management,Eclipse,Debugging,PHP,JSON,Android SDK",https://www.naukri.com/job-listings-jr-android-developer-codizious-technologies-jamnagar-ahmedabad-rajkot-surat-vadodara-baroda-0-to-1-years-090720500563
295,PHP Developer,OOB Automation,"Automation,Coding,MVC architecture,Manager Technology,PHP,Architecture,Development,MVC",https://www.naukri.com/job-listings-php-developer-oob-automation-ahmedabad-0-to-1-years-090323502495
296,Angular 10 Developer,MM STAFFING CAREER CONSULTANTS PRIVATE LIMITED,"BPO,CSS,Front end,Web technologies,Consulting,Javascript,CMMI,HTML",https://www.naukri.com/job-listings-angular-10-developer-mm-staffing-career-consultants-private-limited-ahmedabad-0-to-5-years-081222503200
297,Android Developer,MM STAFFING CAREER CONSULTANTS PRIVATE LIMITED,"Performance tuning,Backend,Usage,GIT,User interface designing,Cloud,Outsourcing,Sensors",https://www.naukri.com/job-listings-android-developer-mm-staffing-career-consultants-private-limited-ahmedabad-0-to-7-years-081222503197
298,PHP Developers,Teclogiq,"c++,design,MySQL,JavaScript,PHP,integration PHP,HTML,integration",https://www.naukri.com/job-listings-php-developers-teclogiq-ahmedabad-0-to-5-years-080420500554
299,PHP WordPress Plugin Developer,ITZ Outsourcing Firm,"Wordpress,Packaging,payment gateways,PHP,Commerce,payments,php wordpress,gateways",https://www.naukri.com/job-listings-php-wordpress-plugin-developer-itz-outsourcing-firm-ahmedabad-0-to-3-years-080120501260
300,Mobile App Developer- Android Developer,Arth Infosoft,"database,MySQL,SQLite,android,android studio,mobile,developer,Android SDK",https://www.naukri.com/job-listings-mobile-app-developer-android-developer-arth-infosoft-pvt-ltd-ahmedabad-0-to-2-years-070918500699
301,IOS Developer,Teksun,"Mobile development,OOPS,Cloud,Swift,Mobile applications,IOS,Application,IOS Development",https://www.naukri.com/job-listings-ios-developer-teksun-microsys-pvt-ltd-ahmedabad-0-to-1-years-061222500886
302,Jr . Frontend Developer,Actowiz Solutions,"HTML;Javascript,Backend,Interpersonal skills,CSS,Front end,Javascript,PHP,HTML",https://www.naukri.com/job-listings-jr-frontend-developer-actowiz-solutions-ahmedabad-0-to-3-years-060723501041
303,Jr. iOS Developer,Siya Infotech Solutions Pvt.Ltd,"Performance tuning,CVS,Bluetooth,GIT,Agile,Animation,Scrum,Unit testing",https://www.naukri.com/job-listings-jr-ios-developer-siya-infotech-solutions-pvt-ltd-ahmedabad-0-to-2-years-050723500664
304,IPhone Developer,AUM Infotech Pvt. Ltd.,",development,android,xml parser,roid,iphone,objective c,coding",https://www.naukri.com/job-listings-iphone-developer-aum-infotech-pvt-ltd-ahmedabad-0-to-1-years-050216502213
305,HTML/CSS/Bootstrap Developer,Pristinit Solutions,"SIDE,CSS,jQuery,GIT,Web technologies,html5,Javascript,HTML",https://www.naukri.com/job-listings-html-css-bootstrap-developer-pristinit-solutions-ahmedabad-0-to-3-years-040823501472
306,Game Developer,Effe Studios,"Game Developer,Game Development,Games,Development",https://www.naukri.com/job-listings-game-developer-effe-studios-pvt-ltd-ahmedabad-0-to-4-years-040124501754
307,PHP Developer,Ethos Watch,"Wordpress,Javascript,Api Integration,Jquery,Laravel,Codeigniter,Core Php,Php Developer",https://www.naukri.com/job-listings-php-developer-ethos-india-himatnagar-ahmedabad-0-to-3-years-031121501197
308,PHP Developer,Webdimensions,"development,jQuery,Development Manager,Technical,MySQL,PHP,Open source,Business Executive",https://www.naukri.com/job-listings-php-developer-webdimensions-ahmedabad-0-to-2-years-030118501943
309,IOS Developer,Pleasant Inc.,"development,c,Json/Xml Parser,android,Objective C,it,ios,Date picker and Picker controller",https://www.naukri.com/job-listings-ios-developer-pleasant-inc-ahmedabad-0-to-1-years-030118501147
310,MSBI Developer,Magnusminds,"Microstrategy,Database,Deployment,Data analytics,Unit testing,Business intelligence,Troubleshooting,Reporting tools",https://www.naukri.com/job-listings-msbi-developer-magnusminds-ahmedabad-0-to-3-years-020823500101
311,Dot Net Developer,POST A RESUME HR Consultancy,"jQuery,XML,MySQL,Javascript,.Net,PHP,HTML,WCF",https://www.naukri.com/job-listings-dot-net-developer-post-a-resume-hr-consultancy-ahmedabad-0-to-5-years-020123501220
312,PHP Developer,Hupp Technologies,"Javascript,Jquery,Laravel,Codeigniter,Core Php,Php Developer,Web Services,PHP Development",https://www.naukri.com/job-listings-php-developer-hupp-technologies-ahmedabad-0-to-2-years-011021500826
313,Dot Net Developer,Post A Resume,"jQuery,SOA,XML,Javascript,.Net,HTML,XSLT,WCF",https://www.naukri.com/job-listings-dot-net-developer-post-a-resume-hr-consultancy-ahmedabad-0-to-5-years-010322501324
314,Software Developer (.net),ActionEdge Research Services,"software development,requirements analysis,Software Developer,software design,.net,Analysis,Design,Requirement analysis",https://www.naukri.com/job-listings-software-developer-net-actionedge-research-services-llp-ahmedabad-0-to-3-years-310124908179
315,Dot Net Core Developer,Malay Infotech,".Net Core,Net Development,ADO.Net,Asp.Net Core,Net Fullstack,C#,T-SQL,Asmx",https://www.naukri.com/job-listings-dot-net-core-developer-malay-infotech-ahmedabad-0-to-3-years-300124005176
316,Android Freshers,Vatsal Technosoft,"XML,OOPS,android studio,augmented reality,JSON,Android SDK,android development,android application development",https://www.naukri.com/job-listings-android-freshers-vatsal-technosoft-pvt-ltd-kolkata-mumbai-indore-pune-ahmedabad-surat-bangalore-bengaluru-vadodara-baroda-0-to-1-years-010323500107
317,PHP Freshers,Vatsal Technosoft,"Web services,PHP,HTML,Open source,Core PHP,Testing,open,core",https://www.naukri.com/job-listings-php-freshers-vatsal-technosoft-pvt-ltd-kolkata-mumbai-indore-pune-ahmedabad-surat-bangalore-bengaluru-vadodara-baroda-0-to-1-years-010323500106
318,Marketing Executive Freshers,Vatsal Technosoft,"Graphics,Outbound,Data analysis,Public relations,Publishing,Illustrator,Analytical,Social media",https://www.naukri.com/job-listings-marketing-executive-freshers-vatsal-technosoft-pvt-ltd-kolkata-mumbai-indore-pune-ahmedabad-surat-bangalore-bengaluru-vadodara-baroda-0-to-1-years-010323500100
319,Lead Generation Executive / Online bidding / BD / Online bidder,Global websoft pvt ltd,"Lead Generation Executive,Online bidding,Bd,Bidding,Generation,Lead generation",https://www.naukri.com/job-listings-lead-generation-executive-online-bidding-bd-online-bidder-global-websoft-pvt-ltd-ahmedabad-0-to-3-years-131218501807
320,Application Engineer- PW,Fronius India Private,"Training,Trade,Construction,Sales,IT skills,Manager Technology,Technical support,Testing",https://www.naukri.com/job-listings-application-engineer-pw-fronius-india-private-ahmedabad-0-to-5-years-120224501271
321,Freshers,Cognisun,"jQuery,MIS,MySQL,Javascript,PHP,HTML,MVC,SQL",https://www.naukri.com/job-listings-freshers-cognisun-infotech-llp-hyderabad-secunderabad-ahmedabad-0-to-2-years-071020500305
322,SEO Executives,Aegis Softtech,"analytics reporting,Training Executive,Link building,SEO,SEO Executive,Marketing Executive,Analytics,Monitoring",https://www.naukri.com/job-listings-seo-executives-aegis-softtech-jamnagar-ahmedabad-rajkot-surat-vadodara-baroda-0-to-3-years-010421500515
323,Senior Full Stack Software Engineer,Awaaz.De,"IVR,Debugging,Javascript,Agile,Troubleshooting,Open source,Data mining,SDLC",https://www.naukri.com/job-listings-senior-full-stack-software-engineer-awaaz-de-infosystems-private-limited-ahmedabad-0-to-5-years-290923500004
324,Android_Developer,Zetamp Energy Solutions,"Fabrication,Performance tuning,Bluetooth,GIT,PDF,Power electronics,Android SDK,Sensors",https://www.naukri.com/job-listings-android-developer-zetamp-hyderabad-secunderabad-ahmedabad-bengaluru-bangalore-0-to-1-years-221019500455
325,Engineer Support/Operations,Zetamp Energy Solutions,"human capital,Customer management,operational support,PDF,Technical writing,Infrastructure management,Manager Program Management,Packaging",https://www.naukri.com/job-listings-engineer-support-operations-zetamp-hyderabad-secunderabad-ahmedabad-bengaluru-bangalore-0-to-1-years-030120500885
326,Jr . Engineer ( GIS ),Enercomp,"GIS,Outbound,Sales,Incharge,Project management,Electronics,Healthcare,Management",https://www.naukri.com/job-listings-jr-engineer-gis-enercomp-solutions-private-limited-pune-ahmedabad-bangalore-bengaluru-0-to-2-years-020823501519
327,"Software Opportunity, Freshers",Avsg Consultancy,"Software Testing,Full Stack,HTML,Java,Software Services,XML,PHP,Basic Computer Skills",https://www.naukri.com/job-listings-software-opportunity-freshers-avsg-consultancy-limited-ahmedabad-bangalore-bengaluru-delhi-ncr-0-to-4-years-261223001324
328,SEPG Executive,Teksun,"risk assessment,project management,iso,quality control,quality audit,production,documentation,process improvement",https://www.naukri.com/job-listings-sepg-executive-teksun-microsys-pvt-ltd-ahmedabad-0-to-1-years-190224500046
329,PHP Freshers,Byte And Bits,"PHP Developer,PHP,PHP Development,Development",https://www.naukri.com/job-listings-php-freshers-byte-and-bits-jamnagar-ahmedabad-rajkot-surat-vadodara-baroda-0-to-1-years-070420500919
330,SEO Analyst,Techno Career Tips,"Google Analytics,Web analytics,XML,Project management,Social media,Analytical,CMS,Internet marketing",https://www.naukri.com/job-listings-seo-analyst-techno-career-tips-pvt-ltd-ahmedabad-0-to-3-years-070120500972
331,Data Entry Operators / SEO Trainee / Junior SEO,mycityband,"Typing speed,SEO Trainee,Data Entry Operator,Data,Data entry operation,Training,Typing,SEO",https://www.naukri.com/job-listings-data-entry-operators-seo-trainee-junior-seo-mycityband-hyderabad-secunderabad-ahmedabad-0-to-1-years-270220501555
332,Junior Odoo Functional Consultant,Beyondata Solutions,"QA,Training,Software development methodologies,Postgresql,Sales support,Testing,Quality assurance,Openerp",https://www.naukri.com/job-listings-junior-odoo-functional-consultant-beyondata-ahmedabad-0-to-3-years-210723502012
333,SDE - L2,Teksun,"RTOS,JTAG,JNI,Memory management,Linux kernel,System programming,Hardware design,Scheduling",https://www.naukri.com/job-listings-sde-l2-teksun-microsys-pvt-ltd-ahmedabad-0-to-3-years-160224500244
334,Instrumentation and Controls Engineer,Maharshi Industries,"Control System Design,HMI,Plc Ladder Logic,SCADA,Control,Control system,Instruments,Instrumentation",https://www.naukri.com/job-listings-instrumentation-and-controls-engineer-maharshi-industries-ahmedabad-0-to-2-years-160224005441
335,Software Engineer,Markteq708 Iscon Elegance,"assembly language,development,C,technical,software,developing,HTML,SQL",https://www.naukri.com/job-listings-software-engineer-markteq708-iscon-elegance-ahmedabad-0-to-5-years-311216500055
336,Software Support,Arth Infosoft,"process,Networking,Software support,phone,Writing,Customer complaints,Management,Operations",https://www.naukri.com/job-listings-software-support-arth-infosoft-pvt-ltd-ahmedabad-0-to-2-years-301017501341
337,"Software Support cum Back Office Executive, Female",mycityband,"Back Office Executive,Computer hardware,Software support,Accounting,Banking,Office,Software,Hardware",https://www.naukri.com/job-listings-software-support-back-office-executive-female-mycityband-hyderabad-secunderabad-new-delhi-ahmedabad-0-to-2-years-270220501772
338,Software Support Executive,mycityband,"Software Support Executive,Computer hardware,Banking,Banking software,Computer,Software support,Software,Hardware",https://www.naukri.com/job-listings-software-support-executive-mycityband-new-delhi-hyderabad-secunderabad-ahmedabad-0-to-3-years-270220500135
339,Software Support,Arth Infosoft,"Basic,Networking,Software support,Manager Technology,Customer complaints,Management,Operations,Business Executive",https://www.naukri.com/job-listings-software-support-arth-infosoft-pvt-ltd-ahmedabad-0-to-1-years-260219502433
340,Software Engineer ( Angular . net ),Mantras2Success Consultants,"GIT,Project management,Application development,microsoft,Operations,Software services,SQL,Application",https://www.naukri.com/job-listings-software-engineer-angular-net-mantras2success-consultants-ahmedabad-0-to-3-years-160623501040
341,Software Support Requirement,Arth Infosoft,"assembly language,JavaScript,.NET,HTML,Oracle,Python,SQL,Software support",https://www.naukri.com/job-listings-software-support-requirement-arth-infosoft-pvt-ltd-ahmedabad-0-to-1-years-070918500697
342,IOS - Intern,Sculptsoft,"iOS development,project documentation,Swift - IOS,testing,mobile technology,IOS Intern,Technology,Documentation",https://www.naukri.com/job-listings-ios-intern-sculptsoft-ahmedabad-0-to-1-years-300124906159
343,Front Desk Executive,Mastermind Network,"Front Desk,Solving Queries,Service Front Desk Executive,Customer Handling,Front Office Operations,Customer Queries,Handling,Query",https://www.naukri.com/job-listings-front-desk-executive-mastermind-network-ahmedabad-0-to-1-years-291223003787
344,Embedded Engineer,OOB Automation,"C++,Communication protocols,Embedded systems,Assembly language,Analog,System integration,Debugging,System design",https://www.naukri.com/job-listings-embedded-engineer-oob-automation-ahmedabad-0-to-2-years-271223502001
345,Jr. IT Admin,Teksun,"Computer hardware,Networking,Operating systems,hardware configuration,System support,IT Administrator,Investigation,Hardware",https://www.naukri.com/job-listings-jr-it-admin-teksun-microsys-pvt-ltd-ahmedabad-0-to-1-years-251023501136
346,SEO Executive,Webcreta Technologies,"Google Analytics,Social media,Analytical,Javascript,HTML,Link building,SEO,Digital marketing",https://www.naukri.com/job-listings-seo-executive-webcreta-technologies-ahmedabad-0-to-2-years-110124500357
347,Trainee Consultant,Yantraadhigam Labs,"Java EE,Hibernate,Spring framework,Oracle SQL,Memory management,transaction management,Javascript,HTML",https://www.naukri.com/job-listings-trainee-consultant-yantraadhigam-labs-pvt-ltd-ahmedabad-0-to-1-years-280722500592
348,JAVA Trainee,Connectionphase,"Technical product configuration,c++,C,design,MySQL,JavaScript,integration PHP,HTML",https://www.naukri.com/job-listings-java-trainee-connectionphase-ahmedabad-0-to-2-years-280417500920
349,PHP Trainee,Connectionphase,"Training,jQuery,PHP Trainee,Development Manager,Technical,MySQL,SAT,Node JS",https://www.naukri.com/job-listings-php-trainee-connectionphase-ahmedabad-0-to-2-years-280417500919
350,Fresher & Project Trainee,Prishusoft,"Training,Project Trainee,Research,Project",https://www.naukri.com/job-listings-fresher-project-trainee-prishusoft-ahmedabad-0-to-0-years-271223501705
351,Programmer cum Site support engineer,mycityband,"Basic,MS SQL,Networking,Programming,Hardware,VB,SQL,Program",https://www.naukri.com/job-listings-programmer-site-support-engineer-mycityband-hyderabad-secunderabad-ahmedabad-0-to-2-years-270220500036
352,Frontend Engineer ( Production Team ),Flits,"HTML;Javascript,Ticketing,CSS,Front end,jQuery,Javascript,Programming,HTML",https://www.naukri.com/job-listings-frontend-engineer-production-team-flits-ahmedabad-0-to-2-years-260423502231
353,Technical Project Coordinator/ Project Coordinator,Intellial,"Analytical skills,Project Coordinator,Client satisfaction,People management skills,Project management,Workflow,Customer support,Project delivery",https://www.naukri.com/job-listings-technical-project-coordinator-project-coordinator-intellial-solutions-pvt-ltd-ahmedabad-0-to-2-years-260220501235
354,Field Assistant,Pleasant Inc.,"Leadership training,Software development life cycle,Manager Technology,Management,Software development,Technology,Assistance,Development Life Cycle",https://www.naukri.com/job-listings-field-assistant-pleasant-inc-jamnagar-ahmedabad-rajkot-surat-vadodara-baroda-0-to-2-years-251119500984
355,Dot Net,SALTRIVER INFOSYSTEMS Pvt. Ltd.,"visual basic6 0,good communication skills,c,vb net,java script,travel,dot net,jquery",https://www.naukri.com/job-listings-dot-net-saltriver-infosystems-pvt-ltd-ahmedabad-0-to-3-years-250417507227
356,Associates,Iconsultera,"PDF,Architecture,Staffing,Social networking,Corporate,Manager Technology,HTML,Creative writing",https://www.naukri.com/job-listings-associates-iconsultera-ahmedabad-0-to-2-years-250121501174
357,Quality Assurance Engineer,Intellial,"Manual testing,Manager Quality Assurance,Test reporting,Analytical,Legal,Test cases,Business applications,Software solutions",https://www.naukri.com/job-listings-quality-assurance-engineer-intellial-solutions-pvt-ltd-ahmedabad-0-to-2-years-240620500247
358,PHP Trainee,Icreatives Solutions,"jQuery,PHP Trainee,Javascript,Stress management,Database,PHP,DBMS,Training",https://www.naukri.com/job-listings-php-trainee-icreatives-solutions-ahmedabad-0-to-4-years-221122503538
359,SEO Executive,Addon Solutions Pvt. Ltd,"Google Analytics,PGDCA,On-page optimization,XML,Link building,SEO,SEO Executive,Social bookmarking",https://www.naukri.com/job-listings-seo-executive-addon-solutions-pvt-ltd-ahmedabad-0-to-4-years-210920500485
360,SEO Executive,Addon Solutions,"Google Analytics,PGDCA,On-page optimization,XML,Link building,SEO,SEO Executive,Social bookmarking",https://www.naukri.com/job-listings-seo-executive-addon-solutions-pvt-ltd-ahmedabad-0-to-4-years-210920500474
361,Dot Net,SALTRIVER INFOSYSTEMS Pvt. Ltd.,"visual basic6 0,java,good communication skills,sqlserver,visual studio 2010,mca,travel,jquery",https://www.naukri.com/job-listings-dot-net-saltriver-infosystems-pvt-ltd-ahmedabad-0-to-3-years-210715502661
362,Interns / Trainee,Tech Mitraa,"Intern,Training",https://www.naukri.com/job-listings-interns-trainee-tech-mitraa-ahmedabad-0-to-2-years-200320501524
363,Jr. DevOps Engineer,Geekmindz Solutions,"Automation,GIT,PDF,Linux,Networking,Coding,Configuration management,Windows",https://www.naukri.com/job-listings-jr-devops-engineer-geekmindz-solutions-llp-ahmedabad-0-to-4-years-190221500247
364,SEO Trainee,Concotech Technologies,"SEO Trainee,Forum posting,Training,Posting,SEO,Post",https://www.naukri.com/job-listings-seo-trainee-concotech-technologies-ahmedabad-0-to-2-years-150319501885
365,Data Analyst,POST A RESUME HR Consultancy,"Excel,MIS,Analytical,Retail analysis,Data Analyst,Retail business,analytics,data analysis",https://www.naukri.com/job-listings-data-analyst-post-a-resume-hr-consultancy-ahmedabad-0-to-4-years-141119500682
366,Trainee ValeurHR Ahmedabad,SAL School Of Architecture,"Trainee,Training",https://www.naukri.com/job-listings-trainee-valeurhr-ahmedabad-sal-school-of-architecture-ahmedabad-0-to-1-years-131117500017
367,Trainee Nurse,Shalby Hospitals,"trainee nurse,Healthcare,Monitoring,Nursing,Training",https://www.naukri.com/job-listings-trainee-nurse-shalby-hospital-ahmedabad-0-to-2-years-111223500381
368,Game Designer - GameAnax,Gameanax,"Architecture,Illustrator,Conceptualization,Photoshop,Gaming,game development,games,design",https://www.naukri.com/job-listings-game-designer-gameanax-gameanax-ahmedabad-0-to-3-years-110121501085
369,Dot Net,SALTRIVER INFOSYSTEMS Pvt. Ltd.,"visual basic6 0,java,good communication skills,visual studio 2010,mca,visual basic,mvc,travel",https://www.naukri.com/job-listings-dot-net-saltriver-infosystems-pvt-ltd-ahmedabad-ahmedabad-0-to-3-years-090915500449
370,Embedded Engineer,OOB Automation,"development testing,Hardware design,Design development,Hardware,Firmware,Microchip,Testing,Software testing",https://www.naukri.com/job-listings-embedded-engineer-oob-automation-ahmedabad-0-to-2-years-090323502494
371,Graduate Opportunities,Veloxcore,"c#,Web application testing,Automation testing,development,C,technical,software,testing",https://www.naukri.com/job-listings-graduate-opportunities-veloxcore-ahmedabad-0-to-1-years-070918500114
372,Power Automate Engineer,Mantras2Success Consultants,"BPO,Version control,Data modeling,Pharma,Javascript,Back office,Application development,JSON",https://www.naukri.com/job-listings-power-automate-engineer-mantras2success-consultants-ahmedabad-0-to-4-years-060423502274
373,Dot Net,SALTRIVER INFOSYSTEMS Pvt. Ltd.,"java,vb net,visual studio 2010,mca,mvc,visual sic6 0,good,jquery",https://www.naukri.com/job-listings-dot-net-saltriver-infosystems-pvt-ltd-ahmedabad-ahmedabad-0-to-3-years-030216500268
374,Software Developer - Freshers & Experienced,Nexpro247,"Software Development,Software Services,Software Engineering,software developer,Software Programming,Application Programming,technical,Networking",https://www.naukri.com/job-listings-software-developer-freshers-experienced-nexpro247-ahmedabad-gujarat-bengaluru-karnataka-mumbai-all-areas-0-to-5-years-010224008974
375,Software Developer II Tester,Aradhna Enterprise,"Test Engineering,Software Testing,Software Development,Software Engineering,Software Design,Embedded C,Ruby Rails,VC++",https://www.naukri.com/job-listings-software-developer-ii-tester-aradhna-enterprise-pune-ahmedabad-mumbai-all-areas-0-to-5-years-110224001380
376,Software Developer,Asturisk,"React Native,Frontend Development,React.Js,Development,Native,Software development,Software,Front end",https://www.naukri.com/job-listings-software-developer-asturisk-ahmedabad-gujarat-0-to-5-years-060224004052
377,Digital Marketing Freshers,Vatsal Technosoft,"Public relations,Publishing,Campaign management,Illustrator,Online marketing,Social media,Market research,Google AdWords",https://www.naukri.com/job-listings-digital-marketing-freshers-vatsal-technosoft-pvt-ltd-kolkata-mumbai-indore-pune-ahmedabad-surat-bangalore-bengaluru-vadodara-baroda-0-to-1-years-010323500099
378,Hiring Software Engineers - Fresher & Experienced Both,Balasundaram Santosh,"Software Development,Application Programming,System Programming,Java,Coding,Software Engineering,Hadoop,Javascript",https://www.naukri.com/job-listings-hiring-software-engineers-fresher-experienced-both-balasundaram-santosh-kolkata-hyderabad-secunderabad-pune-ahmedabad-chennai-bangalore-bengaluru-delhi-ncr-mumbai-all-areas-0-to-5-years-110323003865
379,Software Programmer II Engineer,Aradhna Enterprise,"Programming,Languages,Software Engineering,Software Programmer,Software Programming,Application Programming,B,C",https://www.naukri.com/job-listings-software-programmer-ii-engineer-aradhna-enterprise-pune-ahmedabad-mumbai-all-areas-0-to-5-years-110224001388
